Module Name,Phisycal Name,Bench Name,Unit Name,Data Type,Unit Type,Unit Measure,Decimals,LinkChannel,ModuleID,ChannelID,Description
DSG_CanCcp,dwkrz_0_CCP1_AE31a,,,SINGLE,GENERIC,Grad KW,2,,3005,2,
DSG_CanCcp,dwkrz_1_CCP1_AE31a,,,SINGLE,GENERIC,Grad KW,2,,3005,3,
DSG_CanCcp,dwkrz_2_CCP1_AE31a,,,SINGLE,GENERIC,Grad KW,2,,3005,4,
DSG_CanCcp,dwkrz_3_CCP1_AE31a,,,SINGLE,GENERIC,Grad KW,2,,3005,5,
DSG_CanCcp,dwkrz_4_CCP1_AE31a,,,SINGLE,GENERIC,Grad KW,2,,3005,6,
DSG_CanCcp,dwkrz_5_CCP1_AE31a,,,SINGLE,GENERIC,Grad KW,2,,3005,7,
DSG_CanCcp,dzwwl_CCP1_AE31a,,,SINGLE,GENERIC,Grad KW,2,,3005,8,
DSG_CanCcp,nmot_w_CCP1_AE31a,,,SINGLE,GENERIC,1/min,2,,3005,9,
DSG_CanCcp,te_l_CCP1_AE31a,,,SINGLE,GENERIC,ms,2,,3005,10,
DSG_CanCcp,tez_l_0_CCP1_AE31a,,,SINGLE,GENERIC,ms,2,,3005,11,
DSG_CanCcp,tez_l_1_CCP1_AE31a,,,SINGLE,GENERIC,ms,2,,3005,12,
DSG_CanCcp,tez_l_2_CCP1_AE31a,,,SINGLE,GENERIC,ms,2,,3005,13,
DSG_CanCcp,tez_l_3_CCP1_AE31a,,,SINGLE,GENERIC,ms,2,,3005,14,
DSG_CanCcp,tez_l_4_CCP1_AE31a,,,SINGLE,GENERIC,ms,2,,3005,15,
DSG_CanCcp,tez_l_5_CCP1_AE31a,,,SINGLE,GENERIC,ms,2,,3005,16,
DSG_CanCcp,wee_CCP1_AE31a,,,SINGLE,GENERIC,Grad KW,2,,3005,17,
DSG_CanCcp,wnwa_w_CCP1_AE31a,,wnwa_w_CCP1_AE31a,SINGLE,GENERIC,Grad KW,2,,3005,18,
DSG_CanCcp,wnwe_w_CCP1_AE31a,,wnwe_w_CCP1_AE31a,SINGLE,GENERIC,Grad KW,2,,3005,19,
DSG_CanCcp,wnwsa_w_CCP1_AE31a,,wnwsa_w_CCP1_AE31a,SINGLE,GENERIC,Grad KW,2,,3005,20,
DSG_CanCcp,wnwse_w_CCP1_AE31a,,wnwse_w_CCP1_AE31a,SINGLE,GENERIC,Grad KW,2,,3005,21,
DSG_CanCcp,zwbas_CCP1_AE31a,,,SINGLE,GENERIC,Grad KW,2,,3005,22,
DSG_CanCcp,zwgru_CCP1_AE31a,,,SINGLE,GENERIC,Grad KW,2,,3005,23,
DSG_CanCcp,zwist_CCP1_AE31a,,zwist_CCP1_AE31a,SINGLE,GENERIC,Grad KW,2,,3005,24,
DSG_CanCcp,zwout_CCP1_AE31a,,,SINGLE,GENERIC,Grad KW,2,,3005,25,
DSG_CanCcp,APP_r_CCP1_AE31a,,,SINGLE,GENERIC,%,2,,3005,26,
DSG_CanCcp,DFES_ctEntry_CCP1_AE31a,,,SINGLE,GENERIC,,2,,3005,27,
DSG_CanCcp,DFES_numDFC_0_CCP1_AE31a,,,SINGLE,GENERIC,-,2,,3005,28,
DSG_CanCcp,DFES_numDFC_1_CCP1_AE31a,,,SINGLE,GENERIC,-,2,,3005,29,
DSG_CanCcp,DFES_numDFC_10_CCP1_AE31a,,,SINGLE,GENERIC,-,2,,3005,30,
DSG_CanCcp,DFES_numDFC_11_CCP1_AE31a,,,SINGLE,GENERIC,-,2,,3005,31,
DSG_CanCcp,DFES_numDFC_12_CCP1_AE31a,,,SINGLE,GENERIC,-,2,,3005,32,
DSG_CanCcp,DFES_numDFC_13_CCP1_AE31a,,,SINGLE,GENERIC,-,2,,3005,33,
DSG_CanCcp,DFES_numDFC_14_CCP1_AE31a,,,SINGLE,GENERIC,-,2,,3005,34,
DSG_CanCcp,DFES_numDFC_15_CCP1_AE31a,,,SINGLE,GENERIC,-,2,,3005,35,
DSG_CanCcp,DFES_numDFC_16_CCP1_AE31a,,,SINGLE,GENERIC,-,2,,3005,36,
DSG_CanCcp,DFES_numDFC_17_CCP1_AE31a,,,SINGLE,GENERIC,-,2,,3005,37,
DSG_CanCcp,DFES_numDFC_18_CCP1_AE31a,,,SINGLE,GENERIC,-,2,,3005,38,
DSG_CanCcp,DFES_numDFC_19_CCP1_AE31a,,,SINGLE,GENERIC,-,2,,3005,39,
DSG_CanCcp,DFES_numDFC_2_CCP1_AE31a,,,SINGLE,GENERIC,-,2,,3005,40,
DSG_CanCcp,DFES_numDFC_3_CCP1_AE31a,,,SINGLE,GENERIC,-,2,,3005,41,
DSG_CanCcp,DFES_numDFC_4_CCP1_AE31a,,,SINGLE,GENERIC,-,2,,3005,42,
DSG_CanCcp,DFES_numDFC_5_CCP1_AE31a,,,SINGLE,GENERIC,-,2,,3005,43,
DSG_CanCcp,DFES_numDFC_6_CCP1_AE31a,,,SINGLE,GENERIC,-,2,,3005,44,
DSG_CanCcp,DFES_numDFC_7_CCP1_AE31a,,,SINGLE,GENERIC,-,2,,3005,45,
DSG_CanCcp,DFES_numDFC_8_CCP1_AE31a,,,SINGLE,GENERIC,-,2,,3005,46,
DSG_CanCcp,DFES_numDFC_9_CCP1_AE31a,,,SINGLE,GENERIC,-,2,,3005,47,
DSG_CanCcp,fr_w_CCP1_AE31a,,fr_w_CCP1_AE31a,SINGLE,GENERIC,-,2,,3005,48,
DSG_CanCcp,frm_w_CCP1_AE31a,,frm_w_CCP1_AE31a,SINGLE,GENERIC,-,2,,3005,49,
DSG_CanCcp,hatlstr_w_CCP1_AE31a,,hatlstr_w_CCP1_AE31a,SINGLE,GENERIC,-,2,,3005,50,
DSG_CanCcp,hatlstsr_w_CCP1_AE31a,,hatlstsr_w_CCP1_AE31a,SINGLE,GENERIC,-,2,,3005,51,
DSG_CanCcp,lambas_w_CCP1_AE31a,,,SINGLE,GENERIC,-,2,,3005,52,
DSG_CanCcp,lamsbg_w_CCP1_AE31a,,,SINGLE,GENERIC,-,2,,3005,53,
DSG_CanCcp,lamsoni_w_CCP1_AE31a,,lamsoni_w_CCP1_AE31a,SINGLE,GENERIC,-,2,,3005,54,
DSG_CanCcp,lamsons_w_CCP1_AE31a,,,SINGLE,GENERIC,-,2,,3005,55,
DSG_CanCcp,lbtsaw_w_CCP1_AE31a,,,SINGLE,GENERIC,-,2,,3005,56,
DSG_CanCcp,mshfm_w_CCP1_AE31a,,mshfm_w_CCP1_AE31a,SINGLE,GENERIC,kg/h,2,,3005,57,
DSG_CanCcp,Oil_bPSwtVlvCtl_CCP1_AE31a,,Oil_bPSwtVlvCtl_CCP1_AE31a,SINGLE,GENERIC,,2,,3005,58,
DSG_CanCcp,Oil_tSwmp_CCP1_AE31a,,,SINGLE,GENERIC,deg C,2,,3005,59,
DSG_CanCcp,OilP_p_CCP1_AE31a,,OilP_p_CCP1_AE31a,SINGLE,GENERIC,hPa,2,,3005,60,
DSG_CanCcp,pistnd_w_CCP1_AE31a,,pistnd_CCP1_AE31a,SINGLE,GENERIC,kPa,2,,3005,61,
DSG_CanCcp,psollnd_w_CCP1_AE31a,,,SINGLE,GENERIC,kPa,2,,3005,62,
DSG_CanCcp,psr_w_CCP1_AE31a,,psr_w_CCP1_AE31a,SINGLE,GENERIC,hPa,2,,3005,63,
DSG_CanCcp,psrs_w_CCP1_AE31a,,,SINGLE,GENERIC,hPa,2,,3005,64,
DSG_CanCcp,pvd_w_CCP1_AE31a,,pvd_w_CCP1_AE31a,SINGLE,GENERIC,hPa,2,,3005,65,
DSG_CanCcp,pvds_w_CCP1_AE31a,,,SINGLE,GENERIC,hPa,2,,3005,66,
DSG_CanCcp,rk_w_CCP1_AE31a,,,SINGLE,GENERIC,%,2,,3005,67,
DSG_CanCcp,rl_w_CCP1_AE31a,,rl_w_CCP1_AE31a,SINGLE,GENERIC,%,2,,3005,68,
DSG_CanCcp,rlsol_w_CCP1_AE31a,,,SINGLE,GENERIC,%,2,,3005,69,
DSG_CanCcp,ub_CCP1_AE31a,,,SINGLE,GENERIC,V,2,,3005,70,
DSG_CanCcp,wdkba_w_CCP1_AE31a,,wdkba_w_CCP1_AE31a,SINGLE,GENERIC,%DK,2,,3005,71,
DSG_CanCcp,wdkls_w_CCP1_AE31a,,,SINGLE,GENERIC,%,2,,3005,72,
DSG_CanCcp,wped_w_CCP1_AE31a,,wped_w_CCP1_AE31a,SINGLE,GENERIC,% PED,2,,3005,73,
DSG_CanCcp,ActMod_trqClth_CCP1_AE31a,,,SINGLE,GENERIC,Nm,2,,3005,74,
DSG_CanCcp,ActMod_trqInr_CCP1_AE31a,,,SINGLE,GENERIC,Nm,2,,3005,75,
DSG_CanCcp,B_ldr_CCP1_AE31a,,,SINGLE,GENERIC,,2,,3005,76,
DSG_CanCcp,B_lduv_CCP1_AE31a,,,SINGLE,GENERIC,,2,,3005,77,
DSG_CanCcp,B_lr_CCP1_AE31a,,B_lr_CCP1_AE31a,SINGLE,GENERIC,,2,,3005,78,
DSG_CanCcp,B_master_CCP1_AE31a,,,SINGLE,GENERIC,,2,,3005,79,
DSG_CanCcp,B_phada_CCP1_AE31a,,B_phada_CCP1_AE31a,SINGLE,GENERIC,,2,,3005,80,
DSG_CanCcp,B_phade_CCP1_AE31a,,B_phade_CCP1_AE31a,SINGLE,GENERIC,,2,,3005,81,
DSG_CanCcp,Epm_stSync_CCP1_AE31a,,Epm_stSync_CCP1_AE31a,SINGLE,GENERIC,,2,,3005,82,
DSG_CanCcp,EpmCaS_phiCaSOfsAvg_0_CCP1_AE31a,,EpmCaS_phiCaSOfsAvg_0_CCP1_AE31a,SINGLE,GENERIC,deg CrS,2,,3005,83,
DSG_CanCcp,EpmCaS_phiCaSOfsAvg_1_CCP1_AE31a,,EpmCaS_phiCaSOfsAvg_1_CCP1_AE31a,SINGLE,GENERIC,deg CrS,2,,3005,84,
DSG_CanCcp,fkmsdk_w_CCP1_AE31a,,,SINGLE,GENERIC,-,2,,3005,85,
DSG_CanCcp,fpuk_w_CCP1_AE31a,,fpuk_w_CCP1_AE31a,SINGLE,GENERIC,-,2,,3005,86,
DSG_CanCcp,fra_w_CCP1_AE31a,,fra_w_CCP1_AE31a,SINGLE,GENERIC,-,2,,3005,87,
DSG_CanCcp,miopt_w_CCP1_AE31a,,,SINGLE,GENERIC,%,2,,3005,88,
DSG_CanCcp,msabnav_w_CCP1_AE31a,,,SINGLE,GENERIC,kg/h,2,,3005,89,
DSG_CanCcp,msdk_w_CCP1_AE31a,,msdk_w_CCP1_AE31a,SINGLE,GENERIC,kg/h,2,,3005,90,
DSG_CanCcp,msdks_w_CCP1_AE31a,,,SINGLE,GENERIC,kg/h,2,,3005,91,
DSG_CanCcp,ora_w_CCP1_AE31a,,,SINGLE,GENERIC,%,2,,3005,92,
DSG_CanCcp,pabnav_w_CCP1_AE31a,,,SINGLE,GENERIC,hPa,2,,3005,93,
DSG_CanCcp,pbrint_w_CCP1_AE31a,,,SINGLE,GENERIC,hPa,2,,3005,94,
DSG_CanCcp,PthLead_trqInrLead_CCP1_AE31a,,,SINGLE,GENERIC,Nm,2,,3005,95,
DSG_CanCcp,pu_w_CCP1_AE31a,,,SINGLE,GENERIC,hPa,2,,3005,96,
DSG_CanCcp,RngMod_trqLos_CCP1_AE31a,,,SINGLE,GENERIC,Nm,2,,3005,97,
DSG_CanCcp,taev_w_CCP1_AE31a,,,SINGLE,GENERIC,Grad C,2,,3005,98,
DSG_CanCcp,taikr_w_CCP1_AE31a,,,SINGLE,GENERIC,Grad C,2,,3005,99,
DSG_CanCcp,tasr_w_CCP1_AE31a,,tasr_w_CCP1_AE31a,SINGLE,GENERIC,Grad C,2,,3005,100,
DSG_CanCcp,tavdk_w_CCP1_AE31a,,,SINGLE,GENERIC,Grad C,2,,3005,101,
DSG_CanCcp,tavv_w_CCP1_AE31a,,,SINGLE,GENERIC,Grad C,2,,3005,102,
DSG_CanCcp,tfuelr_CCP1_AE31a,,,SINGLE,GENERIC,Grad C,2,,3005,103,
DSG_CanCcp,tmot_CCP1_AE31a,,tmot_CCP1_AE31a,SINGLE,GENERIC,Grad C,2,,3005,104,
DSG_CanCcp,toch_CCP1_AE31a,,,SINGLE,GENERIC,Grad C,2,,3005,105,
DSG_CanCcp,TrbCh_OffsLrn_I.nrOffsLrnStep_CCP1_AE31a,,,SINGLE,GENERIC,-,2,,3005,106,
DSG_CanCcp,TrbCh_uElStopClsdSens1B1_CCP1_AE31a,,,SINGLE,GENERIC,V,2,,3005,107,
DSG_CanCcp,tumg_CCP1_AE31a,,,SINGLE,GENERIC,Grad C,2,,3005,108,
DSG_CanCcp,dwkrz_0_CCP2_AE31a,,,SINGLE,GENERIC,Grad KW,2,,3005,110,
DSG_CanCcp,dwkrz_1_CCP2_AE31a,,,SINGLE,GENERIC,Grad KW,2,,3005,111,
DSG_CanCcp,dwkrz_2_CCP2_AE31a,,,SINGLE,GENERIC,Grad KW,2,,3005,112,
DSG_CanCcp,dwkrz_3_CCP2_AE31a,,,SINGLE,GENERIC,Grad KW,2,,3005,113,
DSG_CanCcp,dwkrz_4_CCP2_AE31a,,,SINGLE,GENERIC,Grad KW,2,,3005,114,
DSG_CanCcp,dwkrz_5_CCP2_AE31a,,,SINGLE,GENERIC,Grad KW,2,,3005,115,
DSG_CanCcp,dzwwl_CCP2_AE31a,,,SINGLE,GENERIC,Grad KW,2,,3005,116,
DSG_CanCcp,nmot_w_CCP2_AE31a,,,SINGLE,GENERIC,1/min,2,,3005,117,
DSG_CanCcp,tez_l_0_CCP2_AE31a,,,SINGLE,GENERIC,ms,2,,3005,118,
DSG_CanCcp,tez_l_1_CCP2_AE31a,,,SINGLE,GENERIC,ms,2,,3005,119,
DSG_CanCcp,tez_l_2_CCP2_AE31a,,,SINGLE,GENERIC,ms,2,,3005,120,
DSG_CanCcp,tez_l_3_CCP2_AE31a,,,SINGLE,GENERIC,ms,2,,3005,121,
DSG_CanCcp,tez_l_4_CCP2_AE31a,,,SINGLE,GENERIC,ms,2,,3005,122,
DSG_CanCcp,tez_l_5_CCP2_AE31a,,,SINGLE,GENERIC,ms,2,,3005,123,
DSG_CanCcp,wee_CCP2_AE31a,,,SINGLE,GENERIC,Grad KW,2,,3005,124,
DSG_CanCcp,wnwa_w_CCP2_AE31a,,wnwa_w_CCP2_AE31a,SINGLE,GENERIC,Grad KW,2,,3005,125,
DSG_CanCcp,wnwe_w_CCP2_AE31a,,wnwe_w_CCP2_AE31a,SINGLE,GENERIC,Grad KW,2,,3005,126,
DSG_CanCcp,wnwsa_w_CCP2_AE31a,,wnwsa_w_CCP2_AE31a,SINGLE,GENERIC,Grad KW,2,,3005,127,
DSG_CanCcp,wnwse_w_CCP2_AE31a,,wnwse_w_CCP2_AE31a,SINGLE,GENERIC,Grad KW,2,,3005,128,
DSG_CanCcp,zwbas_CCP2_AE31a,,,SINGLE,GENERIC,Grad KW,2,,3005,129,
DSG_CanCcp,zwgru_CCP2_AE31a,,,SINGLE,GENERIC,Grad KW,2,,3005,130,
DSG_CanCcp,zwist_CCP2_AE31a,,zwist_CCP2_AE31a,SINGLE,GENERIC,Grad KW,2,,3005,131,
DSG_CanCcp,zwout_CCP2_AE31a,,,SINGLE,GENERIC,Grad KW,2,,3005,132,
DSG_CanCcp,DFES_ctEntry_CCP2_AE31a,,,SINGLE,GENERIC,-,2,,3005,812,
DSG_CanCcp,DFES_numDFC_0_CCP2_AE31a,,,SINGLE,GENERIC,-,2,,3005,133,
DSG_CanCcp,DFES_numDFC_1_CCP2_AE31a,,,SINGLE,GENERIC,-,2,,3005,134,
DSG_CanCcp,DFES_numDFC_10_CCP2_AE31a,,,SINGLE,GENERIC,-,2,,3005,135,
DSG_CanCcp,DFES_numDFC_11_CCP2_AE31a,,,SINGLE,GENERIC,-,2,,3005,136,
DSG_CanCcp,DFES_numDFC_12_CCP2_AE31a,,,SINGLE,GENERIC,-,2,,3005,137,
DSG_CanCcp,DFES_numDFC_13_CCP2_AE31a,,,SINGLE,GENERIC,-,2,,3005,138,
DSG_CanCcp,DFES_numDFC_14_CCP2_AE31a,,,SINGLE,GENERIC,-,2,,3005,139,
DSG_CanCcp,DFES_numDFC_15_CCP2_AE31a,,,SINGLE,GENERIC,-,2,,3005,140,
DSG_CanCcp,DFES_numDFC_16_CCP2_AE31a,,,SINGLE,GENERIC,-,2,,3005,141,
DSG_CanCcp,DFES_numDFC_17_CCP2_AE31a,,,SINGLE,GENERIC,-,2,,3005,142,
DSG_CanCcp,DFES_numDFC_18_CCP2_AE31a,,,SINGLE,GENERIC,-,2,,3005,143,
DSG_CanCcp,DFES_numDFC_19_CCP2_AE31a,,,SINGLE,GENERIC,-,2,,3005,144,
DSG_CanCcp,DFES_numDFC_2_CCP2_AE31a,,,SINGLE,GENERIC,-,2,,3005,145,
DSG_CanCcp,DFES_numDFC_3_CCP2_AE31a,,,SINGLE,GENERIC,-,2,,3005,146,
DSG_CanCcp,DFES_numDFC_4_CCP2_AE31a,,,SINGLE,GENERIC,-,2,,3005,147,
DSG_CanCcp,DFES_numDFC_5_CCP2_AE31a,,,SINGLE,GENERIC,-,2,,3005,148,
DSG_CanCcp,DFES_numDFC_6_CCP2_AE31a,,,SINGLE,GENERIC,-,2,,3005,149,
DSG_CanCcp,DFES_numDFC_7_CCP2_AE31a,,,SINGLE,GENERIC,-,2,,3005,150,
DSG_CanCcp,DFES_numDFC_8_CCP2_AE31a,,,SINGLE,GENERIC,-,2,,3005,151,
DSG_CanCcp,DFES_numDFC_9_CCP2_AE31a,,,SINGLE,GENERIC,-,2,,3005,152,
DSG_CanCcp,fr_w_CCP2_AE31a,,fr_w_CCP2_AE31a,SINGLE,GENERIC,-,2,,3005,153,
DSG_CanCcp,frm_w_CCP2_AE31a,,frm_w_CCP2_AE31a,SINGLE,GENERIC,-,2,,3005,154,
DSG_CanCcp,hatlstr_w_CCP2_AE31a,,hatlstr_w_CCP2_AE31a,SINGLE,GENERIC,-,2,,3005,155,
DSG_CanCcp,hatlstsr_w_CCP2_AE31a,,,SINGLE,GENERIC,-,2,,3005,156,
DSG_CanCcp,lambas_w_CCP2_AE31a,,,SINGLE,GENERIC,-,2,,3005,157,
DSG_CanCcp,lamsbg_w_CCP2_AE31a,,,SINGLE,GENERIC,-,2,,3005,158,
DSG_CanCcp,lamsoni_w_CCP2_AE31a,,lamsoni_w_CCP2_AE31a,SINGLE,GENERIC,-,2,,3005,159,
DSG_CanCcp,lamsons_w_CCP2_AE31a,,,SINGLE,GENERIC,-,2,,3005,160,
DSG_CanCcp,lbtsaw_w_CCP2_AE31a,,,SINGLE,GENERIC,-,2,,3005,161,
DSG_CanCcp,mshfm_w_CCP2_AE31a,,mshfm_w_CCP2_AE31a,SINGLE,GENERIC,kg/h,2,,3005,162,
DSG_CanCcp,Oil_bPSwtVlvCtl_CCP2_AE31a,,Oil_bPSwtVlvCtl_CCP2_AE31a,SINGLE,GENERIC,,2,,3005,163,
DSG_CanCcp,Oil_tSwmp_CCP2_AE31a,,,SINGLE,GENERIC,deg C,2,,3005,164,
DSG_CanCcp,OilP_p_CCP2_AE31a,,OilP_p_CCP2_AE31a,SINGLE,GENERIC,hPa,2,,3005,165,
DSG_CanCcp,pistnd_w_CCP2_AE31a,,pistnd_CCP2_AE31a,SINGLE,GENERIC,kPa,2,,3005,166,
DSG_CanCcp,psollnd_w_CCP2_AE31a,,,SINGLE,GENERIC,kPa,2,,3005,167,
DSG_CanCcp,psr_w_CCP2_AE31a,,psr_w_CCP2_AE31a,SINGLE,GENERIC,hPa,2,,3005,168,
DSG_CanCcp,psrs_w_CCP2_AE31a,,,SINGLE,GENERIC,hPa,2,,3005,169,
DSG_CanCcp,pvd_w_CCP2_AE31a,,pvd_w_CCP2_AE31a,SINGLE,GENERIC,hPa,2,,3005,170,
DSG_CanCcp,pvds_w_CCP2_AE31a,,,SINGLE,GENERIC,hPa,2,,3005,171,
DSG_CanCcp,rk_w_CCP2_AE31a,,,SINGLE,GENERIC,%,2,,3005,172,
DSG_CanCcp,rl_w_CCP2_AE31a,,rl_w_CCP2_AE31a,SINGLE,GENERIC,%,2,,3005,173,
DSG_CanCcp,rlsol_w_CCP2_AE31a,,,SINGLE,GENERIC,%,2,,3005,174,
DSG_CanCcp,ub_CCP2_AE31a,,,SINGLE,GENERIC,V,2,,3005,175,
DSG_CanCcp,wdkba_w_CCP2_AE31a,,wdkba_w_CCP2_AE31a,SINGLE,GENERIC,%DK,2,,3005,176,
DSG_CanCcp,wdkls_w_CCP2_AE31a,,,SINGLE,GENERIC,%,2,,3005,177,
DSG_CanCcp,wped_w_CCP2_AE31a,,wped_w_CCP2_AE31a,SINGLE,GENERIC,% PED,2,,3005,178,
DSG_CanCcp,ActMod_trqClth_CCP2_AE31a,,,SINGLE,GENERIC,Nm,2,,3005,179,
DSG_CanCcp,ActMod_trqInr_CCP2_AE31a,,,SINGLE,GENERIC,Nm,2,,3005,180,
DSG_CanCcp,B_ldr_CCP2_AE31a,,B_ldr_CCP2_AE31a,SINGLE,GENERIC,,2,,3005,181,
DSG_CanCcp,B_lduv_CCP2_AE31a,,,SINGLE,GENERIC,,2,,3005,182,
DSG_CanCcp,B_lr_CCP2_AE31a,,B_lr_CCP2_AE31a,SINGLE,GENERIC,,2,,3005,183,
DSG_CanCcp,B_master_CCP2_AE31a,,,SINGLE,GENERIC,,2,,3005,184,
DSG_CanCcp,B_phada_CCP2_AE31a,,B_phada_CCP2_AE31a,SINGLE,GENERIC,,2,,3005,185,
DSG_CanCcp,B_phade_CCP2_AE31a,,B_phade_CCP2_AE31a,SINGLE,GENERIC,,2,,3005,186,
DSG_CanCcp,Epm_stSync_CCP2_AE31a,,Epm_stSync_CCP2_AE31a,SINGLE,GENERIC,,2,,3005,187,
DSG_CanCcp,EpmCaS_phiCaSOfsAvg_0_CCP2_AE31a,,EpmCaS_phiCaSOfsAvg_0_CCP2_AE31a,SINGLE,GENERIC,deg CrS,2,,3005,188,
DSG_CanCcp,EpmCaS_phiCaSOfsAvg_1_CCP2_AE31a,,EpmCaS_phiCaSOfsAvg_1_CCP2_AE31a,SINGLE,GENERIC,deg CrS,2,,3005,189,
DSG_CanCcp,fkmsdk_w_CCP2_AE31a,,,SINGLE,GENERIC,-,2,,3005,190,
DSG_CanCcp,fpuk_w_CCP2_AE31a,,,SINGLE,GENERIC,-,2,,3005,191,
DSG_CanCcp,fra_w_CCP2_AE31a,,fra_w_CCP2_AE31a,SINGLE,GENERIC,-,2,,3005,192,
DSG_CanCcp,miopt_w_CCP2_AE31a,,,SINGLE,GENERIC,%,2,,3005,193,
DSG_CanCcp,msabnav_w_CCP2_AE31a,,,SINGLE,GENERIC,kg/h,2,,3005,194,
DSG_CanCcp,msdk_w_CCP2_AE31a,,,SINGLE,GENERIC,kg/h,2,,3005,195,
DSG_CanCcp,msdks_w_CCP2_AE31a,,,SINGLE,GENERIC,kg/h,2,,3005,196,
DSG_CanCcp,ora_w_CCP2_AE31a,,,SINGLE,GENERIC,%,2,,3005,197,
DSG_CanCcp,pabnav_w_CCP2_AE31a,,,SINGLE,GENERIC,hPa,2,,3005,198,
DSG_CanCcp,pbrint_w_CCP2_AE31a,,,SINGLE,GENERIC,hPa,2,,3005,199,
DSG_CanCcp,PthLead_trqInrLead_CCP2_AE31a,,,SINGLE,GENERIC,Nm,2,,3005,200,
DSG_CanCcp,pu_w_CCP2_AE31a,,,SINGLE,GENERIC,hPa,2,,3005,201,
DSG_CanCcp,RngMod_trqLos_CCP2_AE31a,,,SINGLE,GENERIC,Nm,2,,3005,202,
DSG_CanCcp,taev_w_CCP2_AE31a,,,SINGLE,GENERIC,Grad C,2,,3005,203,
DSG_CanCcp,taikr_w_CCP2_AE31a,,,SINGLE,GENERIC,Grad C,2,,3005,204,
DSG_CanCcp,tasr_w_CCP2_AE31a,,tasr_w_CCP2_AE31a,SINGLE,GENERIC,Grad C,2,,3005,205,
DSG_CanCcp,tavdk_w_CCP2_AE31a,,,SINGLE,GENERIC,Grad C,2,,3005,206,
DSG_CanCcp,tavv_w_CCP2_AE31a,,,SINGLE,GENERIC,Grad C,2,,3005,207,
DSG_CanCcp,tfuelr_CCP2_AE31a,,,SINGLE,GENERIC,Grad C,2,,3005,208,
DSG_CanCcp,toch_CCP2_AE31a,,,SINGLE,GENERIC,Grad C,2,,3005,209,
DSG_CanCcp,TrbCh_OffsLrn_I.nrOffsLrnStep_CCP2_AE31a,,,SINGLE,GENERIC,-,2,,3005,210,
DSG_CanCcp,TrbCh_uElStopClsdSens1B1_CCP2_AE31a,,,SINGLE,GENERIC,V,2,,3005,211,
DSG_CanCcp,tumg_CCP2_AE31a,,,SINGLE,GENERIC,Grad C,2,,3005,212,
DSG_CanCcp,dwkrz_0_CCP1_AE34,,,SINGLE,GENERIC,Grad KW,2,,3005,214,
DSG_CanCcp,dwkrz_1_CCP1_AE34,,,SINGLE,GENERIC,Grad KW,2,,3005,215,
DSG_CanCcp,dwkrz_2_CCP1_AE34,,,SINGLE,GENERIC,Grad KW,2,,3005,216,
DSG_CanCcp,dwkrz_3_CCP1_AE34,,,SINGLE,GENERIC,Grad KW,2,,3005,217,
DSG_CanCcp,dwkrz_4_CCP1_AE34,,,SINGLE,GENERIC,Grad KW,2,,3005,218,
DSG_CanCcp,dwkrz_5_CCP1_AE34,,,SINGLE,GENERIC,Grad KW,2,,3005,219,
DSG_CanCcp,nmot_w_CCP1_AE34,,,SINGLE,GENERIC,1/min,2,,3005,220,
DSG_CanCcp,te_l_CCP1_AE34,,,SINGLE,GENERIC,ms,2,,3005,221,
DSG_CanCcp,tez_l_0_CCP1_AE34,,,SINGLE,GENERIC,ms,2,,3005,222,
DSG_CanCcp,tez_l_1_CCP1_AE34,,,SINGLE,GENERIC,ms,2,,3005,223,
DSG_CanCcp,tez_l_2_CCP1_AE34,,,SINGLE,GENERIC,ms,2,,3005,224,
DSG_CanCcp,tez_l_3_CCP1_AE34,,,SINGLE,GENERIC,ms,2,,3005,225,
DSG_CanCcp,tez_l_4_CCP1_AE34,,,SINGLE,GENERIC,ms,2,,3005,226,
DSG_CanCcp,tez_l_5_CCP1_AE34,,,SINGLE,GENERIC,ms,2,,3005,227,
DSG_CanCcp,wee_CCP1_AE34,,,SINGLE,GENERIC,Grad KW,2,,3005,228,
DSG_CanCcp,wnwa_w_CCP1_AE34,,wnwa_w_CCP1_AE34,SINGLE,GENERIC,Grad KW,2,,3005,229,
DSG_CanCcp,wnwe_w_CCP1_AE34,,wnwe_w_CCP1_AE34,SINGLE,GENERIC,Grad KW,2,,3005,230,
DSG_CanCcp,wnwsa_w_CCP1_AE34,,wnwsa_w_CCP1_AE34,SINGLE,GENERIC,Grad KW,2,,3005,231,
DSG_CanCcp,wnwse_w_CCP1_AE34,,wnwse_w_CCP1_AE34,SINGLE,GENERIC,Grad KW,2,,3005,232,
DSG_CanCcp,zwbas_CCP1_AE34,,,SINGLE,GENERIC,Grad KW,2,,3005,233,
DSG_CanCcp,zwgru_CCP1_AE34,,,SINGLE,GENERIC,Grad KW,2,,3005,234,
DSG_CanCcp,zwist_CCP1_AE34,,zwist_CCP1_AE34,SINGLE,GENERIC,Grad KW,2,,3005,235,
DSG_CanCcp,zwout_CCP1_AE34,,,SINGLE,GENERIC,Grad KW,2,,3005,236,
DSG_CanCcp,DFES_numDFC_6_CCP1_AE34,,,SINGLE,GENERIC,,2,,3005,801,
DSG_CanCcp,DFES_numDFC_7_CCP1_AE34,,,SINGLE,GENERIC,,2,,3005,802,
DSG_CanCcp,DFES_numDFC_8_CCP1_AE34,,,SINGLE,GENERIC,,2,,3005,803,
DSG_CanCcp,DFES_numDFC_9_CCP1_AE34,,,SINGLE,GENERIC,,2,,3005,804,
DSG_CanCcp,DFES_numDFC_10_CCP1_AE34,,,SINGLE,GENERIC,,2,,3005,805,
DSG_CanCcp,DFES_ctEntry_CCP1_AE34,,,SINGLE,GENERIC,,2,,3005,237,
DSG_CanCcp,APP_r_CCP1_AE34,,,SINGLE,GENERIC,%,2,,3005,238,
DSG_CanCcp,DFES_numDFC_0_CCP1_AE34,,,SINGLE,GENERIC,-,2,,3005,239,
DSG_CanCcp,DFES_numDFC_1_CCP1_AE34,,,SINGLE,GENERIC,-,2,,3005,240,
DSG_CanCcp,DFES_numDFC_2_CCP1_AE34,,,SINGLE,GENERIC,-,2,,3005,241,
DSG_CanCcp,DFES_numDFC_3_CCP1_AE34,,,SINGLE,GENERIC,-,2,,3005,242,
DSG_CanCcp,DFES_numDFC_4_CCP1_AE34,,,SINGLE,GENERIC,-,2,,3005,243,
DSG_CanCcp,DFES_numDFC_5_CCP1_AE34,,,SINGLE,GENERIC,-,2,,3005,244,
DSG_CanCcp,fr_w_CCP1_AE34,,,SINGLE,GENERIC,-,2,,3005,245,
DSG_CanCcp,frm_w_CCP1_AE34,,frm_w_CCP1_AE34,SINGLE,GENERIC,-,2,,3005,246,
DSG_CanCcp,hatlstr_w_CCP1_AE34,,hatlstr_w_CCP1_AE34,SINGLE,GENERIC,-,2,,3005,247,
DSG_CanCcp,hatlstsr_w_CCP1_AE34,,,SINGLE,GENERIC,-,2,,3005,248,
DSG_CanCcp,lambas_w_CCP1_AE34,,,SINGLE,GENERIC,-,2,,3005,249,
DSG_CanCcp,lamsbg_w_CCP1_AE34,,,SINGLE,GENERIC,-,2,,3005,250,
DSG_CanCcp,lamsoni_w_CCP1_AE34,,lamsoni_w_CCP1_AE34,SINGLE,GENERIC,-,2,,3005,251,
DSG_CanCcp,lamsons_w_CCP1_AE34,,,SINGLE,GENERIC,-,2,,3005,252,
DSG_CanCcp,lbtsaw_w_CCP1_AE34,,,SINGLE,GENERIC,-,2,,3005,253,
DSG_CanCcp,mshfm_w_CCP1_AE34,,mshfm_w_CCP1_AE34,SINGLE,GENERIC,kg/h,2,,3005,254,
DSG_CanCcp,Oil_bPSwtVlvCtl_CCP1_AE34,,Oil_bPSwtVlvCtl_CCP1_AE34,SINGLE,GENERIC,,2,,3005,255,
DSG_CanCcp,Oil_tSwmp_CCP1_AE34,,,SINGLE,GENERIC,deg C,2,,3005,256,
DSG_CanCcp,OilP_p_CCP1_AE34,,OilP_p_CCP1_AE34,SINGLE,GENERIC,hPa,2,,3005,257,
DSG_CanCcp,pistnd_w_CCP1_AE34,,pistnd_CCP1_AE34,SINGLE,GENERIC,kPa,2,,3005,258,
DSG_CanCcp,psollnd_w_CCP1_AE34,,,SINGLE,GENERIC,kPa,2,,3005,259,
DSG_CanCcp,psr_w_CCP1_AE34,,psr_w_CCP1_AE34,SINGLE,GENERIC,hPa,2,,3005,260,
DSG_CanCcp,psrs_w_CCP1_AE34,,,SINGLE,GENERIC,hPa,2,,3005,261,
DSG_CanCcp,pvd_w_CCP1_AE34,,pvd_w_CCP1_AE34,SINGLE,GENERIC,hPa,2,,3005,262,
DSG_CanCcp,pvds_w_CCP1_AE34,,,SINGLE,GENERIC,hPa,2,,3005,263,
DSG_CanCcp,rk_w_CCP1_AE34,,,SINGLE,GENERIC,%,2,,3005,264,
DSG_CanCcp,rl_w_CCP1_AE34,,rl_w_CCP1_AE34,SINGLE,GENERIC,%,2,,3005,265,
DSG_CanCcp,rlsol_w_CCP1_AE34,,,SINGLE,GENERIC,%,2,,3005,266,
DSG_CanCcp,ub_CCP1_AE34,,,SINGLE,GENERIC,V,2,,3005,267,
DSG_CanCcp,wdkba_w_CCP1_AE34,,wdkba_w_CCP1_AE34,SINGLE,GENERIC,%DK,2,,3005,268,
DSG_CanCcp,wdkls_w_CCP1_AE34,,,SINGLE,GENERIC,%,2,,3005,269,
DSG_CanCcp,wped_w_CCP1_AE34,,wped_w_CCP1_AE34,SINGLE,GENERIC,% PED,2,,3005,270,
DSG_CanCcp,ActMod_trqClth_CCP1_AE34,,,SINGLE,GENERIC,Nm,2,,3005,271,
DSG_CanCcp,ActMod_trqInr_CCP1_AE34,,,SINGLE,GENERIC,Nm,2,,3005,272,
DSG_CanCcp,B_ldr_CCP1_AE34,,,SINGLE,GENERIC,,2,,3005,273,
DSG_CanCcp,B_lduv_CCP1_AE34,,,SINGLE,GENERIC,,2,,3005,274,
DSG_CanCcp,B_lr_CCP1_AE34,,B_lr_CCP1_AE34,SINGLE,GENERIC,,2,,3005,275,
DSG_CanCcp,B_master_CCP1_AE34,,,SINGLE,GENERIC,,2,,3005,276,
DSG_CanCcp,B_phada_CCP1_AE34,,B_phada_CCP1_AE34,SINGLE,GENERIC,,2,,3005,277,
DSG_CanCcp,B_phade_CCP1_AE34,,,SINGLE,GENERIC,,2,,3005,278,
DSG_CanCcp,dzwwl_CCP1_AE34,,,SINGLE,GENERIC,Grad KW,2,,3005,279,
DSG_CanCcp,EpmCaS_phiCaSOfsAvg_0_CCP1_AE34,,EpmCaS_phiCaSOfsAvg_0_CCP1_AE34,SINGLE,GENERIC,deg CrS,2,,3005,280,
DSG_CanCcp,EpmCaS_phiCaSOfsAvg_1_CCP1_AE34,,EpmCaS_phiCaSOfsAvg_1_CCP1_AE34,SINGLE,GENERIC,deg CrS,2,,3005,281,
DSG_CanCcp,Epm_stSync_CCP1_AE34,,Epm_stSync_CCP1_AE34,SINGLE,GENERIC,,2,,3005,282,
DSG_CanCcp,fkmsdk_w_CCP1_AE34,,,SINGLE,GENERIC,-,2,,3005,283,
DSG_CanCcp,fpuk_w_CCP1_AE34,,,SINGLE,GENERIC,-,2,,3005,284,
DSG_CanCcp,fra_w_CCP1_AE34,,,SINGLE,GENERIC,-,2,,3005,285,
DSG_CanCcp,miopt_w_CCP1_AE34,,,SINGLE,GENERIC,%,2,,3005,286,
DSG_CanCcp,msabnav_w_CCP1_AE34,,,SINGLE,GENERIC,kg/h,2,,3005,287,
DSG_CanCcp,msdk_w_CCP1_AE34,,,SINGLE,GENERIC,kg/h,2,,3005,288,
DSG_CanCcp,msdks_w_CCP1_AE34,,,SINGLE,GENERIC,kg/h,2,,3005,289,
DSG_CanCcp,ora_w_CCP1_AE34,,,SINGLE,GENERIC,%,2,,3005,290,
DSG_CanCcp,pabnav_w_CCP1_AE34,,,SINGLE,GENERIC,hPa,2,,3005,291,
DSG_CanCcp,pbrint_w_CCP1_AE34,,,SINGLE,GENERIC,hPa,2,,3005,292,
DSG_CanCcp,PthLead_trqInrLead_CCP1_AE34,,,SINGLE,GENERIC,Nm,2,,3005,293,
DSG_CanCcp,pu_w_CCP1_AE34,,,SINGLE,GENERIC,hPa,2,,3005,294,
DSG_CanCcp,RngMod_trqLos_CCP1_AE34,,,SINGLE,GENERIC,Nm,2,,3005,295,
DSG_CanCcp,taev_w_CCP1_AE34,,,SINGLE,GENERIC,Grad C,2,,3005,296,
DSG_CanCcp,taikr_w_CCP1_AE34,,,SINGLE,GENERIC,Grad C,2,,3005,297,
DSG_CanCcp,tasr_w_CCP1_AE34,,tasr_w_CCP1_AE34,SINGLE,GENERIC,Grad C,2,,3005,298,
DSG_CanCcp,tavdk_w_CCP1_AE34,,,SINGLE,GENERIC,Grad C,2,,3005,299,
DSG_CanCcp,tavv_w_CCP1_AE34,,,SINGLE,GENERIC,Grad C,2,,3005,300,
DSG_CanCcp,tfuelr_CCP1_AE34,,,SINGLE,GENERIC,Grad C,2,,3005,301,
DSG_CanCcp,tmot_CCP1_AE34,,tmot_CCP1_AE34,SINGLE,GENERIC,Grad C,2,,3005,302,
DSG_CanCcp,toch_CCP1_AE34,,,SINGLE,GENERIC,Grad C,2,,3005,303,
DSG_CanCcp,TrbCh_OffsLrn_I.nrOffsLrnStep_CCP1_AE34,,,SINGLE,GENERIC,-,2,,3005,304,
DSG_CanCcp,TrbCh_uElStopClsdSens1B1_CCP1_AE34,,,SINGLE,GENERIC,V,2,,3005,305,
DSG_CanCcp,tumg_CCP1_AE34,,,SINGLE,GENERIC,Grad C,2,,3005,306,
DSG_CanCcp,dwkrz_0_CCP2_AE34,,,SINGLE,GENERIC,Grad KW,2,,3005,308,
DSG_CanCcp,dwkrz_1_CCP2_AE34,,,SINGLE,GENERIC,Grad KW,2,,3005,309,
DSG_CanCcp,dwkrz_2_CCP2_AE34,,,SINGLE,GENERIC,Grad KW,2,,3005,310,
DSG_CanCcp,dwkrz_3_CCP2_AE34,,,SINGLE,GENERIC,Grad KW,2,,3005,311,
DSG_CanCcp,dwkrz_4_CCP2_AE34,,,SINGLE,GENERIC,Grad KW,2,,3005,312,
DSG_CanCcp,dwkrz_5_CCP2_AE34,,,SINGLE,GENERIC,Grad KW,2,,3005,313,
DSG_CanCcp,dzwwl_CCP2_AE34,,,SINGLE,GENERIC,Grad KW,2,,3005,314,
DSG_CanCcp,nmot_w_CCP2_AE34,,,SINGLE,GENERIC,1/min,2,,3005,315,
DSG_CanCcp,tez_l_0_CCP2_AE34,,,SINGLE,GENERIC,ms,2,,3005,316,
DSG_CanCcp,tez_l_1_CCP2_AE34,,,SINGLE,GENERIC,ms,2,,3005,317,
DSG_CanCcp,tez_l_2_CCP2_AE34,,,SINGLE,GENERIC,ms,2,,3005,318,
DSG_CanCcp,tez_l_3_CCP2_AE34,,,SINGLE,GENERIC,ms,2,,3005,319,
DSG_CanCcp,tez_l_4_CCP2_AE34,,,SINGLE,GENERIC,ms,2,,3005,320,
DSG_CanCcp,tez_l_5_CCP2_AE34,,,SINGLE,GENERIC,ms,2,,3005,321,
DSG_CanCcp,wee_CCP2_AE34,,,SINGLE,GENERIC,Grad KW,2,,3005,322,
DSG_CanCcp,wnwa_w_CCP2_AE34,,wnwa_w_CCP2_AE34,SINGLE,GENERIC,Grad KW,2,,3005,323,
DSG_CanCcp,wnwe_w_CCP2_AE34,,wnwe_w_CCP2_AE34,SINGLE,GENERIC,Grad KW,2,,3005,324,
DSG_CanCcp,wnwsa_w_CCP2_AE34,,wnwsa_w_CCP2_AE34,SINGLE,GENERIC,Grad KW,2,,3005,325,
DSG_CanCcp,wnwse_w_CCP2_AE34,,wnwse_w_CCP2_AE34,SINGLE,GENERIC,Grad KW,2,,3005,326,
DSG_CanCcp,zwbas_CCP2_AE34,,,SINGLE,GENERIC,Grad KW,2,,3005,327,
DSG_CanCcp,zwgru_CCP2_AE34,,,SINGLE,GENERIC,Grad KW,2,,3005,328,
DSG_CanCcp,zwist_CCP2_AE34,,zwist_CCP2_AE34,SINGLE,GENERIC,Grad KW,2,,3005,329,
DSG_CanCcp,zwout_CCP2_AE34,,,SINGLE,GENERIC,Grad KW,2,,3005,330,
DSG_CanCcp,DFES_numDFC_6_CCP2_AE34,,,SINGLE,GENERIC,,2,,3005,806,
DSG_CanCcp,DFES_numDFC_7_CCP2_AE34,,,SINGLE,GENERIC,,2,,3005,807,
DSG_CanCcp,DFES_numDFC_8_CCP2_AE34,,,SINGLE,GENERIC,,2,,3005,808,
DSG_CanCcp,DFES_numDFC_9_CCP2_AE34,,,SINGLE,GENERIC,,2,,3005,809,
DSG_CanCcp,DFES_numDFC_10_CCP2_AE34,,,SINGLE,GENERIC,,2,,3005,810,
DSG_CanCcp,DFES_ctEntry_CCP2_AE34,,,SINGLE,GENERIC,-,2,,3005,811,
DSG_CanCcp,DFES_numDFC_0_CCP2_AE34,,,SINGLE,GENERIC,-,2,,3005,331,
DSG_CanCcp,DFES_numDFC_1_CCP2_AE34,,,SINGLE,GENERIC,-,2,,3005,332,
DSG_CanCcp,DFES_numDFC_2_CCP2_AE34,,,SINGLE,GENERIC,-,2,,3005,333,
DSG_CanCcp,DFES_numDFC_3_CCP2_AE34,,,SINGLE,GENERIC,-,2,,3005,334,
DSG_CanCcp,DFES_numDFC_4_CCP2_AE34,,,SINGLE,GENERIC,-,2,,3005,335,
DSG_CanCcp,DFES_numDFC_5_CCP2_AE34,,,SINGLE,GENERIC,-,2,,3005,336,
DSG_CanCcp,fr_w_CCP2_AE34,,,SINGLE,GENERIC,-,2,,3005,337,
DSG_CanCcp,frm_w_CCP2_AE34,,frm_w_CCP2_AE34,SINGLE,GENERIC,-,2,,3005,338,
DSG_CanCcp,hatlstr_w_CCP2_AE34,,hatlstr_w_CCP2_AE34,SINGLE,GENERIC,-,2,,3005,339,
DSG_CanCcp,hatlstsr_w_CCP2_AE34,,,SINGLE,GENERIC,-,2,,3005,340,
DSG_CanCcp,lambas_w_CCP2_AE34,,,SINGLE,GENERIC,-,2,,3005,341,
DSG_CanCcp,lamsbg_w_CCP2_AE34,,,SINGLE,GENERIC,-,2,,3005,342,
DSG_CanCcp,lamsoni_w_CCP2_AE34,,lamsoni_w_CCP2_AE34,SINGLE,GENERIC,-,2,,3005,343,
DSG_CanCcp,lamsons_w_CCP2_AE34,,,SINGLE,GENERIC,-,2,,3005,344,
DSG_CanCcp,lbtsaw_w_CCP2_AE34,,,SINGLE,GENERIC,-,2,,3005,345,
DSG_CanCcp,mshfm_w_CCP2_AE34,,mshfm_w_CCP2_AE34,SINGLE,GENERIC,kg/h,2,,3005,346,
DSG_CanCcp,Oil_bPSwtVlvCtl_CCP2_AE34,,Oil_bPSwtVlvCtl_CCP2_AE34,SINGLE,GENERIC,,2,,3005,347,
DSG_CanCcp,Oil_tSwmp_CCP2_AE34,,,SINGLE,GENERIC,deg C,2,,3005,348,
DSG_CanCcp,OilP_p_CCP2_AE34,,OilP_p_CCP2_AE34,SINGLE,GENERIC,hPa,2,,3005,349,
DSG_CanCcp,pistnd_w_CCP2_AE34,,pistnd_CCP2_AE34,SINGLE,GENERIC,kPa,2,,3005,350,
DSG_CanCcp,psollnd_w_CCP2_AE34,,,SINGLE,GENERIC,kPa,2,,3005,351,
DSG_CanCcp,psr_w_CCP2_AE34,,psr_w_CCP2_AE34,SINGLE,GENERIC,hPa,2,,3005,352,
DSG_CanCcp,psrs_w_CCP2_AE34,,,SINGLE,GENERIC,hPa,2,,3005,353,
DSG_CanCcp,pvd_w_CCP2_AE34,,pvd_w_CCP2_AE34,SINGLE,GENERIC,hPa,2,,3005,354,
DSG_CanCcp,pvds_w_CCP2_AE34,,,SINGLE,GENERIC,hPa,2,,3005,355,
DSG_CanCcp,rk_w_CCP2_AE34,,,SINGLE,GENERIC,%,2,,3005,356,
DSG_CanCcp,rl_w_CCP2_AE34,,rl_w_CCP2_AE34,SINGLE,GENERIC,%,2,,3005,357,
DSG_CanCcp,rlsol_w_CCP2_AE34,,,SINGLE,GENERIC,%,2,,3005,358,
DSG_CanCcp,ub_CCP2_AE34,,,SINGLE,GENERIC,V,2,,3005,359,
DSG_CanCcp,wdkba_w_CCP2_AE34,,wdkba_w_CCP2_AE34,SINGLE,GENERIC,%DK,2,,3005,360,
DSG_CanCcp,wdkls_w_CCP2_AE34,,,SINGLE,GENERIC,%,2,,3005,361,
DSG_CanCcp,wped_w_CCP2_AE34,,wped_w_CCP2_AE34,SINGLE,GENERIC,% PED,2,,3005,362,
DSG_CanCcp,ActMod_trqClth_CCP2_AE34,,,SINGLE,GENERIC,Nm,2,,3005,363,
DSG_CanCcp,ActMod_trqInr_CCP2_AE34,,,SINGLE,GENERIC,Nm,2,,3005,364,
DSG_CanCcp,B_ldr_CCP2_AE34,,,SINGLE,GENERIC,,2,,3005,365,
DSG_CanCcp,B_lduv_CCP2_AE34,,,SINGLE,GENERIC,,2,,3005,366,
DSG_CanCcp,B_lr_CCP2_AE34,,B_lr_CCP2_AE34,SINGLE,GENERIC,,2,,3005,367,
DSG_CanCcp,B_phada_CCP2_AE34,,B_phada_CCP2_AE34,SINGLE,GENERIC,,2,,3005,368,
DSG_CanCcp,B_phade_CCP2_AE34,,,SINGLE,GENERIC,,2,,3005,369,
DSG_CanCcp,EpmCaS_phiCaSOfsAvg_0_CCP2_AE34,,EpmCaS_phiCaSOfsAvg_0_CCP2_AE34,SINGLE,GENERIC,deg CrS,2,,3005,370,
DSG_CanCcp,EpmCaS_phiCaSOfsAvg_1_CCP2_AE34,,EpmCaS_phiCaSOfsAvg_1_CCP2_AE34,SINGLE,GENERIC,deg CrS,2,,3005,371,
DSG_CanCcp,Epm_stSync_CCP2_AE34,,Epm_stSync_CCP2_AE34,SINGLE,GENERIC,,2,,3005,372,
DSG_CanCcp,fkmsdk_w_CCP2_AE34,,,SINGLE,GENERIC,-,2,,3005,373,
DSG_CanCcp,fpuk_w_CCP2_AE34,,,SINGLE,GENERIC,-,2,,3005,374,
DSG_CanCcp,fra_w_CCP2_AE34,,,SINGLE,GENERIC,-,2,,3005,375,
DSG_CanCcp,miopt_w_CCP2_AE34,,,SINGLE,GENERIC,%,2,,3005,376,
DSG_CanCcp,msdk_w_CCP2_AE34,,,SINGLE,GENERIC,kg/h,2,,3005,377,
DSG_CanCcp,msdks_w_CCP2_AE34,,,SINGLE,GENERIC,kg/h,2,,3005,378,
DSG_CanCcp,ora_w_CCP2_AE34,,,SINGLE,GENERIC,%,2,,3005,379,
DSG_CanCcp,pabnav_w_CCP2_AE34,,,SINGLE,GENERIC,hPa,2,,3005,380,
DSG_CanCcp,pbrint_w_CCP2_AE34,,,SINGLE,GENERIC,hPa,2,,3005,381,
DSG_CanCcp,PthLead_trqInrLead_CCP2_AE34,,,SINGLE,GENERIC,Nm,2,,3005,382,
DSG_CanCcp,pu_w_CCP2_AE34,,,SINGLE,GENERIC,hPa,2,,3005,383,
DSG_CanCcp,RngMod_trqLos_CCP2_AE34,,,SINGLE,GENERIC,Nm,2,,3005,384,
DSG_CanCcp,taev_w_CCP2_AE34,,,SINGLE,GENERIC,Grad C,2,,3005,385,
DSG_CanCcp,taikr_w_CCP2_AE34,,,SINGLE,GENERIC,Grad C,2,,3005,386,
DSG_CanCcp,tasr_w_CCP2_AE34,,tasr_w_CCP2_AE34,SINGLE,GENERIC,Grad C,2,,3005,387,
DSG_CanCcp,tavdk_w_CCP2_AE34,,,SINGLE,GENERIC,Grad C,2,,3005,388,
DSG_CanCcp,tavv_w_CCP2_AE34,,,SINGLE,GENERIC,Grad C,2,,3005,389,
DSG_CanCcp,tfuelr_CCP2_AE34,,,SINGLE,GENERIC,Grad C,2,,3005,390,
DSG_CanCcp,toch_CCP2_AE34,,,SINGLE,GENERIC,Grad C,2,,3005,391,
DSG_CanCcp,TrbCh_OffsLrn_I.nrOffsLrnStep_CCP2_AE34,,,SINGLE,GENERIC,-,2,,3005,392,
DSG_CanCcp,TrbCh_uElStopClsdSens1B1_CCP2_AE34,,,SINGLE,GENERIC,V,2,,3005,393,
DSG_CanCcp,tumg_CCP2_AE34,,,SINGLE,GENERIC,Grad C,2,,3005,394,
DSG_CanCcp,dwkrz_0_CCP1_AE31a_AVERAGE,,,SINGLE,GENERIC,Grad KW,2,,3005,396,
DSG_CanCcp,dwkrz_1_CCP1_AE31a_AVERAGE,,,SINGLE,GENERIC,Grad KW,2,,3005,397,
DSG_CanCcp,dwkrz_2_CCP1_AE31a_AVERAGE,,,SINGLE,GENERIC,Grad KW,2,,3005,398,
DSG_CanCcp,dwkrz_3_CCP1_AE31a_AVERAGE,,,SINGLE,GENERIC,Grad KW,2,,3005,399,
DSG_CanCcp,dwkrz_4_CCP1_AE31a_AVERAGE,,,SINGLE,GENERIC,Grad KW,2,,3005,400,
DSG_CanCcp,dwkrz_5_CCP1_AE31a_AVERAGE,,,SINGLE,GENERIC,Grad KW,2,,3005,401,
DSG_CanCcp,dzwwl_CCP1_AE31a_AVERAGE,,,SINGLE,GENERIC,Grad KW,2,,3005,402,
DSG_CanCcp,nmot_w_CCP1_AE31a_AVERAGE,,,SINGLE,GENERIC,1/min,2,,3005,403,
DSG_CanCcp,te_l_CCP1_AE31a_AVERAGE,,,SINGLE,GENERIC,ms,2,,3005,404,
DSG_CanCcp,tez_l_0_CCP1_AE31a_AVERAGE,,,SINGLE,GENERIC,ms,2,,3005,405,
DSG_CanCcp,tez_l_1_CCP1_AE31a_AVERAGE,,,SINGLE,GENERIC,ms,2,,3005,406,
DSG_CanCcp,tez_l_2_CCP1_AE31a_AVERAGE,,,SINGLE,GENERIC,ms,2,,3005,407,
DSG_CanCcp,tez_l_3_CCP1_AE31a_AVERAGE,,,SINGLE,GENERIC,ms,2,,3005,408,
DSG_CanCcp,tez_l_4_CCP1_AE31a_AVERAGE,,,SINGLE,GENERIC,ms,2,,3005,409,
DSG_CanCcp,tez_l_5_CCP1_AE31a_AVERAGE,,,SINGLE,GENERIC,ms,2,,3005,410,
DSG_CanCcp,wee_CCP1_AE31a_AVERAGE,,,SINGLE,GENERIC,Grad KW,2,,3005,411,
DSG_CanCcp,wnwa_w_CCP1_AE31a_AVERAGE,,wnwa_w_CCP1_AE31a_AVERAGE,SINGLE,GENERIC,Grad KW,2,,3005,412,
DSG_CanCcp,wnwe_w_CCP1_AE31a_AVERAGE,,wnwe_w_CCP1_AE31a_AVERAGE,SINGLE,GENERIC,Grad KW,2,,3005,413,
DSG_CanCcp,wnwsa_w_CCP1_AE31a_AVERAGE,,,SINGLE,GENERIC,Grad KW,2,,3005,414,
DSG_CanCcp,wnwse_w_CCP1_AE31a_AVERAGE,,,SINGLE,GENERIC,Grad KW,2,,3005,415,
DSG_CanCcp,zwbas_CCP1_AE31a_AVERAGE,,,SINGLE,GENERIC,Grad KW,2,,3005,416,
DSG_CanCcp,zwgru_CCP1_AE31a_AVERAGE,,,SINGLE,GENERIC,Grad KW,2,,3005,417,
DSG_CanCcp,zwist_CCP1_AE31a_AVERAGE,,,SINGLE,GENERIC,Grad KW,2,,3005,418,
DSG_CanCcp,zwout_CCP1_AE31a_AVERAGE,,,SINGLE,GENERIC,Grad KW,2,,3005,419,
DSG_CanCcp,APP_r_CCP1_AE31a_AVERAGE,,,SINGLE,GENERIC,%,2,,3005,420,
DSG_CanCcp,DFES_ctEntry_CCP1_AE31a_AVERAGE,,,SINGLE,GENERIC,,2,,3005,421,
DSG_CanCcp,DFES_numDFC_0_CCP1_AE31a_AVERAGE,,,SINGLE,GENERIC,-,2,,3005,422,
DSG_CanCcp,DFES_numDFC_1_CCP1_AE31a_AVERAGE,,,SINGLE,GENERIC,-,2,,3005,423,
DSG_CanCcp,DFES_numDFC_10_CCP1_AE31a_AVERAGE,,,SINGLE,GENERIC,-,2,,3005,424,
DSG_CanCcp,DFES_numDFC_11_CCP1_AE31a_AVERAGE,,,SINGLE,GENERIC,-,2,,3005,425,
DSG_CanCcp,DFES_numDFC_12_CCP1_AE31a_AVERAGE,,,SINGLE,GENERIC,-,2,,3005,426,
DSG_CanCcp,DFES_numDFC_13_CCP1_AE31a_AVERAGE,,,SINGLE,GENERIC,-,2,,3005,427,
DSG_CanCcp,DFES_numDFC_14_CCP1_AE31a_AVERAGE,,,SINGLE,GENERIC,-,2,,3005,428,
DSG_CanCcp,DFES_numDFC_15_CCP1_AE31a_AVERAGE,,,SINGLE,GENERIC,-,2,,3005,429,
DSG_CanCcp,DFES_numDFC_16_CCP1_AE31a_AVERAGE,,,SINGLE,GENERIC,-,2,,3005,430,
DSG_CanCcp,DFES_numDFC_17_CCP1_AE31a_AVERAGE,,,SINGLE,GENERIC,-,2,,3005,431,
DSG_CanCcp,DFES_numDFC_18_CCP1_AE31a_AVERAGE,,,SINGLE,GENERIC,-,2,,3005,432,
DSG_CanCcp,DFES_numDFC_19_CCP1_AE31a_AVERAGE,,,SINGLE,GENERIC,-,2,,3005,433,
DSG_CanCcp,DFES_numDFC_2_CCP1_AE31a_AVERAGE,,,SINGLE,GENERIC,-,2,,3005,434,
DSG_CanCcp,DFES_numDFC_3_CCP1_AE31a_AVERAGE,,,SINGLE,GENERIC,-,2,,3005,435,
DSG_CanCcp,DFES_numDFC_4_CCP1_AE31a_AVERAGE,,,SINGLE,GENERIC,-,2,,3005,436,
DSG_CanCcp,DFES_numDFC_5_CCP1_AE31a_AVERAGE,,,SINGLE,GENERIC,-,2,,3005,437,
DSG_CanCcp,DFES_numDFC_6_CCP1_AE31a_AVERAGE,,,SINGLE,GENERIC,-,2,,3005,438,
DSG_CanCcp,DFES_numDFC_7_CCP1_AE31a_AVERAGE,,,SINGLE,GENERIC,-,2,,3005,439,
DSG_CanCcp,DFES_numDFC_8_CCP1_AE31a_AVERAGE,,,SINGLE,GENERIC,-,2,,3005,440,
DSG_CanCcp,DFES_numDFC_9_CCP1_AE31a_AVERAGE,,,SINGLE,GENERIC,-,2,,3005,441,
DSG_CanCcp,fr_w_CCP1_AE31a_AVERAGE,,,SINGLE,GENERIC,-,2,,3005,442,
DSG_CanCcp,frm_w_CCP1_AE31a_AVERAGE,,frm_w_CCP1_AE31a_Average,SINGLE,GENERIC,-,2,,3005,443,
DSG_CanCcp,hatlstr_w_CCP1_AE31a_AVERAGE,,,SINGLE,GENERIC,-,2,,3005,444,
DSG_CanCcp,hatlstsr_w_CCP1_AE31a_AVERAGE,,,SINGLE,GENERIC,-,2,,3005,445,
DSG_CanCcp,lambas_w_CCP1_AE31a_AVERAGE,,,SINGLE,GENERIC,-,2,,3005,446,
DSG_CanCcp,lamsbg_w_CCP1_AE31a_AVERAGE,,,SINGLE,GENERIC,-,2,,3005,447,
DSG_CanCcp,lamsoni_w_CCP1_AE31a_AVERAGE,,lamsoni_w_CCP1_AE31a_AVERAGE,SINGLE,GENERIC,-,2,,3005,448,
DSG_CanCcp,lamsons_w_CCP1_AE31a_AVERAGE,,,SINGLE,GENERIC,-,2,,3005,449,
DSG_CanCcp,lbtsaw_w_CCP1_AE31a_AVERAGE,,,SINGLE,GENERIC,-,2,,3005,450,
DSG_CanCcp,mshfm_w_CCP1_AE31a_AVERAGE,,mshfm_w_CCP1_AE31a_AVERAGE,SINGLE,GENERIC,kg/h,2,,3005,451,
DSG_CanCcp,Oil_bPSwtVlvCtl_CCP1_AE31a_AVERAGE,,,SINGLE,GENERIC,,2,,3005,452,
DSG_CanCcp,Oil_tSwmp_CCP1_AE31a_AVERAGE,,,SINGLE,GENERIC,deg C,2,,3005,453,
DSG_CanCcp,OilP_p_CCP1_AE31a_AVERAGE,,OilP_p_CCP1_AE31a_AVERAGE,SINGLE,GENERIC,hPa,2,,3005,454,
DSG_CanCcp,pistnd_w_CCP1_AE31a_AVERAGE,,pistnd_CCP1_AE31a_AVERAGE,SINGLE,GENERIC,kPa,2,,3005,455,
DSG_CanCcp,psollnd_w_CCP1_AE31a_AVERAGE,,,SINGLE,GENERIC,kPa,2,,3005,456,
DSG_CanCcp,psr_w_CCP1_AE31a_AVERAGE,,psr_w_CCP1_AE31a_AVERAGE,SINGLE,GENERIC,hPa,2,,3005,457,
DSG_CanCcp,psrs_w_CCP1_AE31a_AVERAGE,,,SINGLE,GENERIC,hPa,2,,3005,458,
DSG_CanCcp,pvd_w_CCP1_AE31a_AVERAGE,,,SINGLE,GENERIC,hPa,2,,3005,459,
DSG_CanCcp,pvds_w_CCP1_AE31a_AVERAGE,,,SINGLE,GENERIC,hPa,2,,3005,460,
DSG_CanCcp,rk_w_CCP1_AE31a_AVERAGE,,,SINGLE,GENERIC,%,2,,3005,461,
DSG_CanCcp,rl_w_CCP1_AE31a_AVERAGE,,,SINGLE,GENERIC,%,2,,3005,462,
DSG_CanCcp,rlsol_w_CCP1_AE31a_AVERAGE,,,SINGLE,GENERIC,%,2,,3005,463,
DSG_CanCcp,ub_CCP1_AE31a_AVERAGE,,,SINGLE,GENERIC,V,2,,3005,464,
DSG_CanCcp,wdkba_w_CCP1_AE31a_AVERAGE,,wdkba_w_CCP1_AE31a_AVERAGE,SINGLE,GENERIC,%DK,2,,3005,465,
DSG_CanCcp,wdkls_w_CCP1_AE31a_AVERAGE,,,SINGLE,GENERIC,%,2,,3005,466,
DSG_CanCcp,wped_w_CCP1_AE31a_AVERAGE,,,SINGLE,GENERIC,% PED,2,,3005,467,
DSG_CanCcp,ActMod_trqClth_CCP1_AE31a_AVERAGE,,,SINGLE,GENERIC,Nm,2,,3005,468,
DSG_CanCcp,ActMod_trqInr_CCP1_AE31a_AVERAGE,,,SINGLE,GENERIC,Nm,2,,3005,469,
DSG_CanCcp,B_ldr_CCP1_AE31a_AVERAGE,,,SINGLE,GENERIC,,2,,3005,470,
DSG_CanCcp,B_lduv_CCP1_AE31a_AVERAGE,,,SINGLE,GENERIC,,2,,3005,471,
DSG_CanCcp,B_lr_CCP1_AE31a_AVERAGE,,,SINGLE,GENERIC,,2,,3005,472,
DSG_CanCcp,B_master_CCP1_AE31a_AVERAGE,,,SINGLE,GENERIC,,2,,3005,473,
DSG_CanCcp,B_phada_CCP1_AE31a_AVERAGE,,,SINGLE,GENERIC,,2,,3005,474,
DSG_CanCcp,B_phade_CCP1_AE31a_AVERAGE,,,SINGLE,GENERIC,,2,,3005,475,
DSG_CanCcp,Epm_stSync_CCP1_AE31a_AVERAGE,,,SINGLE,GENERIC,,2,,3005,476,
DSG_CanCcp,EpmCaS_phiCaSOfsAvg_0_CCP1_AE31a_AVERAGE,,,SINGLE,GENERIC,deg CrS,2,,3005,477,
DSG_CanCcp,EpmCaS_phiCaSOfsAvg_1_CCP1_AE31a_AVERAGE,,,SINGLE,GENERIC,deg CrS,2,,3005,478,
DSG_CanCcp,fkmsdk_w_CCP1_AE31a_AVERAGE,,,SINGLE,GENERIC,-,2,,3005,479,
DSG_CanCcp,fpuk_w_CCP1_AE31a_AVERAGE,,,SINGLE,GENERIC,-,2,,3005,480,
DSG_CanCcp,fra_w_CCP1_AE31a_AVERAGE,,,SINGLE,GENERIC,-,2,,3005,481,
DSG_CanCcp,miopt_w_CCP1_AE31a_AVERAGE,,,SINGLE,GENERIC,%,2,,3005,482,
DSG_CanCcp,msabnav_w_CCP1_AE31a_AVERAGE,,,SINGLE,GENERIC,kg/h,2,,3005,483,
DSG_CanCcp,msdk_w_CCP1_AE31a_AVERAGE,,,SINGLE,GENERIC,kg/h,2,,3005,484,
DSG_CanCcp,msdks_w_CCP1_AE31a_AVERAGE,,,SINGLE,GENERIC,kg/h,2,,3005,485,
DSG_CanCcp,ora_w_CCP1_AE31a_AVERAGE,,,SINGLE,GENERIC,%,2,,3005,486,
DSG_CanCcp,pabnav_w_CCP1_AE31a_AVERAGE,,,SINGLE,GENERIC,hPa,2,,3005,487,
DSG_CanCcp,pbrint_w_CCP1_AE31a_AVERAGE,,,SINGLE,GENERIC,hPa,2,,3005,488,
DSG_CanCcp,PthLead_trqInrLead_CCP1_AE31a_AVERAGE,,,SINGLE,GENERIC,Nm,2,,3005,489,
DSG_CanCcp,pu_w_CCP1_AE31a_AVERAGE,,,SINGLE,GENERIC,hPa,2,,3005,490,
DSG_CanCcp,RngMod_trqLos_CCP1_AE31a_AVERAGE,,,SINGLE,GENERIC,Nm,2,,3005,491,
DSG_CanCcp,taev_w_CCP1_AE31a_AVERAGE,,,SINGLE,GENERIC,Grad C,2,,3005,492,
DSG_CanCcp,taikr_w_CCP1_AE31a_AVERAGE,,,SINGLE,GENERIC,Grad C,2,,3005,493,
DSG_CanCcp,tasr_w_CCP1_AE31a_AVERAGE,,,SINGLE,GENERIC,Grad C,2,,3005,494,
DSG_CanCcp,tavdk_w_CCP1_AE31a_AVERAGE,,,SINGLE,GENERIC,Grad C,2,,3005,495,
DSG_CanCcp,tavv_w_CCP1_AE31a_AVERAGE,,,SINGLE,GENERIC,Grad C,2,,3005,496,
DSG_CanCcp,tfuelr_CCP1_AE31a_AVERAGE,,,SINGLE,GENERIC,Grad C,2,,3005,497,
DSG_CanCcp,tmot_CCP1_AE31a_AVERAGE,,,SINGLE,GENERIC,Grad C,2,,3005,498,
DSG_CanCcp,toch_CCP1_AE31a_AVERAGE,,,SINGLE,GENERIC,Grad C,2,,3005,499,
DSG_CanCcp,TrbCh_OffsLrn_I.nrOffsLrnStep_CCP1_AE31a_AVERAGE,,,SINGLE,GENERIC,-,2,,3005,500,
DSG_CanCcp,TrbCh_uElStopClsdSens1B1_CCP1_AE31a_AVERAGE,,,SINGLE,GENERIC,V,2,,3005,501,
DSG_CanCcp,tumg_CCP1_AE31a_AVERAGE,,,SINGLE,GENERIC,Grad C,2,,3005,502,
DSG_CanCcp,dwkrz_0_CCP2_AE31a_AVERAGE,,,SINGLE,GENERIC,Grad KW,2,,3005,504,
DSG_CanCcp,dwkrz_1_CCP2_AE31a_AVERAGE,,,SINGLE,GENERIC,Grad KW,2,,3005,505,
DSG_CanCcp,dwkrz_2_CCP2_AE31a_AVERAGE,,,SINGLE,GENERIC,Grad KW,2,,3005,506,
DSG_CanCcp,dwkrz_3_CCP2_AE31a_AVERAGE,,,SINGLE,GENERIC,Grad KW,2,,3005,507,
DSG_CanCcp,dwkrz_4_CCP2_AE31a_AVERAGE,,,SINGLE,GENERIC,Grad KW,2,,3005,508,
DSG_CanCcp,dwkrz_5_CCP2_AE31a_AVERAGE,,,SINGLE,GENERIC,Grad KW,2,,3005,509,
DSG_CanCcp,dzwwl_CCP2_AE31a_AVERAGE,,,SINGLE,GENERIC,Grad KW,2,,3005,510,
DSG_CanCcp,nmot_w_CCP2_AE31a_AVERAGE,,,SINGLE,GENERIC,1/min,2,,3005,511,
DSG_CanCcp,tez_l_0_CCP2_AE31a_AVERAGE,,,SINGLE,GENERIC,ms,2,,3005,512,
DSG_CanCcp,tez_l_1_CCP2_AE31a_AVERAGE,,,SINGLE,GENERIC,ms,2,,3005,513,
DSG_CanCcp,tez_l_2_CCP2_AE31a_AVERAGE,,,SINGLE,GENERIC,ms,2,,3005,514,
DSG_CanCcp,tez_l_3_CCP2_AE31a_AVERAGE,,,SINGLE,GENERIC,ms,2,,3005,515,
DSG_CanCcp,tez_l_4_CCP2_AE31a_AVERAGE,,,SINGLE,GENERIC,ms,2,,3005,516,
DSG_CanCcp,tez_l_5_CCP2_AE31a_AVERAGE,,,SINGLE,GENERIC,ms,2,,3005,517,
DSG_CanCcp,wee_CCP2_AE31a_AVERAGE,,,SINGLE,GENERIC,Grad KW,2,,3005,518,
DSG_CanCcp,wnwa_w_CCP2_AE31a_AVERAGE,,wnwa_w_CCP2_AE31a_AVERAGE,SINGLE,GENERIC,Grad KW,2,,3005,519,
DSG_CanCcp,wnwe_w_CCP2_AE31a_AVERAGE,,wnwe_w_CCP2_AE31a_AVERAGE,SINGLE,GENERIC,Grad KW,2,,3005,520,
DSG_CanCcp,wnwsa_w_CCP2_AE31a_AVERAGE,,,SINGLE,GENERIC,Grad KW,2,,3005,521,
DSG_CanCcp,wnwse_w_CCP2_AE31a_AVERAGE,,,SINGLE,GENERIC,Grad KW,2,,3005,522,
DSG_CanCcp,zwbas_CCP2_AE31a_AVERAGE,,,SINGLE,GENERIC,Grad KW,2,,3005,523,
DSG_CanCcp,zwgru_CCP2_AE31a_AVERAGE,,,SINGLE,GENERIC,Grad KW,2,,3005,524,
DSG_CanCcp,zwist_CCP2_AE31a_AVERAGE,,,SINGLE,GENERIC,Grad KW,2,,3005,525,
DSG_CanCcp,zwout_CCP2_AE31a_AVERAGE,,,SINGLE,GENERIC,Grad KW,2,,3005,526,
DSG_CanCcp,DFES_ctEntry_CCP2_AE31a_AVERAGE,,,SINGLE,GENERIC,-,2,,3005,527,
DSG_CanCcp,DFES_numDFC_0_CCP2_AE31a_AVERAGE,,,SINGLE,GENERIC,-,2,,3005,528,
DSG_CanCcp,DFES_numDFC_1_CCP2_AE31a_AVERAGE,,,SINGLE,GENERIC,-,2,,3005,529,
DSG_CanCcp,DFES_numDFC_10_CCP2_AE31a_AVERAGE,,,SINGLE,GENERIC,-,2,,3005,530,
DSG_CanCcp,DFES_numDFC_11_CCP2_AE31a_AVERAGE,,,SINGLE,GENERIC,-,2,,3005,531,
DSG_CanCcp,DFES_numDFC_12_CCP2_AE31a_AVERAGE,,,SINGLE,GENERIC,-,2,,3005,532,
DSG_CanCcp,DFES_numDFC_13_CCP2_AE31a_AVERAGE,,,SINGLE,GENERIC,-,2,,3005,533,
DSG_CanCcp,DFES_numDFC_14_CCP2_AE31a_AVERAGE,,,SINGLE,GENERIC,-,2,,3005,534,
DSG_CanCcp,DFES_numDFC_15_CCP2_AE31a_AVERAGE,,,SINGLE,GENERIC,-,2,,3005,535,
DSG_CanCcp,DFES_numDFC_16_CCP2_AE31a_AVERAGE,,,SINGLE,GENERIC,-,2,,3005,536,
DSG_CanCcp,DFES_numDFC_17_CCP2_AE31a_AVERAGE,,,SINGLE,GENERIC,-,2,,3005,537,
DSG_CanCcp,DFES_numDFC_18_CCP2_AE31a_AVERAGE,,,SINGLE,GENERIC,-,2,,3005,538,
DSG_CanCcp,DFES_numDFC_19_CCP2_AE31a_AVERAGE,,,SINGLE,GENERIC,-,2,,3005,539,
DSG_CanCcp,DFES_numDFC_2_CCP2_AE31a_AVERAGE,,,SINGLE,GENERIC,-,2,,3005,540,
DSG_CanCcp,DFES_numDFC_3_CCP2_AE31a_AVERAGE,,,SINGLE,GENERIC,-,2,,3005,541,
DSG_CanCcp,DFES_numDFC_4_CCP2_AE31a_AVERAGE,,,SINGLE,GENERIC,-,2,,3005,542,
DSG_CanCcp,DFES_numDFC_5_CCP2_AE31a_AVERAGE,,,SINGLE,GENERIC,-,2,,3005,543,
DSG_CanCcp,DFES_numDFC_6_CCP2_AE31a_AVERAGE,,,SINGLE,GENERIC,-,2,,3005,544,
DSG_CanCcp,DFES_numDFC_7_CCP2_AE31a_AVERAGE,,,SINGLE,GENERIC,-,2,,3005,545,
DSG_CanCcp,DFES_numDFC_8_CCP2_AE31a_AVERAGE,,,SINGLE,GENERIC,-,2,,3005,546,
DSG_CanCcp,DFES_numDFC_9_CCP2_AE31a_AVERAGE,,,SINGLE,GENERIC,-,2,,3005,547,
DSG_CanCcp,fr_w_CCP2_AE31a_AVERAGE,,frm_w_CCP2_AE31a_Average,SINGLE,GENERIC,-,2,,3005,548,
DSG_CanCcp,frm_w_CCP2_AE31a_AVERAGE,,,SINGLE,GENERIC,-,2,,3005,549,
DSG_CanCcp,hatlstr_w_CCP2_AE31a_AVERAGE,,,SINGLE,GENERIC,-,2,,3005,550,
DSG_CanCcp,hatlstsr_w_CCP2_AE31a_AVERAGE,,,SINGLE,GENERIC,-,2,,3005,551,
DSG_CanCcp,lambas_w_CCP2_AE31a_AVERAGE,,,SINGLE,GENERIC,-,2,,3005,552,
DSG_CanCcp,lamsbg_w_CCP2_AE31a_AVERAGE,,lamsoni_w_CCP2_AE31a_AVERAGE,SINGLE,GENERIC,-,2,,3005,553,
DSG_CanCcp,lamsoni_w_CCP2_AE31a_AVERAGE,,,SINGLE,GENERIC,-,2,,3005,554,
DSG_CanCcp,lamsons_w_CCP2_AE31a_AVERAGE,,,SINGLE,GENERIC,-,2,,3005,555,
DSG_CanCcp,lbtsaw_w_CCP2_AE31a_AVERAGE,,mshfm_w_CCP2_AE31a_AVERAGE,SINGLE,GENERIC,-,2,,3005,556,
DSG_CanCcp,mshfm_w_CCP2_AE31a_AVERAGE,,,SINGLE,GENERIC,kg/h,2,,3005,557,
DSG_CanCcp,Oil_bPSwtVlvCtl_CCP2_AE31a_AVERAGE,,,SINGLE,GENERIC,,2,,3005,558,
DSG_CanCcp,Oil_tSwmp_CCP2_AE31a_AVERAGE,,OilP_p_CCP2_AE31a_AVERAGE,SINGLE,GENERIC,deg C,2,,3005,559,
DSG_CanCcp,OilP_p_CCP2_AE31a_AVERAGE,,pistnd_CCP2_AE31a_AVERAGE,SINGLE,GENERIC,hPa,2,,3005,560,
DSG_CanCcp,pistnd_w_CCP2_AE31a_AVERAGE,,,SINGLE,GENERIC,kPa,2,,3005,561,
DSG_CanCcp,psollnd_w_CCP2_AE31a_AVERAGE,,psr_w_CCP2_AE31a_AVERAGE,SINGLE,GENERIC,kPa,2,,3005,562,
DSG_CanCcp,psr_w_CCP2_AE31a_AVERAGE,,,SINGLE,GENERIC,hPa,2,,3005,563,
DSG_CanCcp,psrs_w_CCP2_AE31a_AVERAGE,,,SINGLE,GENERIC,hPa,2,,3005,564,
DSG_CanCcp,pvd_w_CCP2_AE31a_AVERAGE,,,SINGLE,GENERIC,hPa,2,,3005,565,
DSG_CanCcp,pvds_w_CCP2_AE31a_AVERAGE,,,SINGLE,GENERIC,hPa,2,,3005,566,
DSG_CanCcp,rk_w_CCP2_AE31a_AVERAGE,,,SINGLE,GENERIC,%,2,,3005,567,
DSG_CanCcp,rl_w_CCP2_AE31a_AVERAGE,,,SINGLE,GENERIC,%,2,,3005,568,
DSG_CanCcp,rlsol_w_CCP2_AE31a_AVERAGE,,,SINGLE,GENERIC,%,2,,3005,569,
DSG_CanCcp,ub_CCP2_AE31a_AVERAGE,,wdkba_w_CCP2_AE31a_AVERAGE,SINGLE,GENERIC,V,2,,3005,570,
DSG_CanCcp,wdkba_w_CCP2_AE31a_AVERAGE,,,SINGLE,GENERIC,%DK,2,,3005,571,
DSG_CanCcp,wdkls_w_CCP2_AE31a_AVERAGE,,,SINGLE,GENERIC,%,2,,3005,572,
DSG_CanCcp,wped_w_CCP2_AE31a_AVERAGE,,,SINGLE,GENERIC,% PED,2,,3005,573,
DSG_CanCcp,ActMod_trqClth_CCP2_AE31a_AVERAGE,,,SINGLE,GENERIC,Nm,2,,3005,574,
DSG_CanCcp,ActMod_trqInr_CCP2_AE31a_AVERAGE,,,SINGLE,GENERIC,Nm,2,,3005,575,
DSG_CanCcp,B_ldr_CCP2_AE31a_AVERAGE,,,SINGLE,GENERIC,,2,,3005,576,
DSG_CanCcp,B_lduv_CCP2_AE31a_AVERAGE,,,SINGLE,GENERIC,,2,,3005,577,
DSG_CanCcp,B_lr_CCP2_AE31a_AVERAGE,,,SINGLE,GENERIC,,2,,3005,578,
DSG_CanCcp,B_master_CCP2_AE31a_AVERAGE,,,SINGLE,GENERIC,,2,,3005,579,
DSG_CanCcp,B_phada_CCP2_AE31a_AVERAGE,,,SINGLE,GENERIC,,2,,3005,580,
DSG_CanCcp,B_phade_CCP2_AE31a_AVERAGE,,,SINGLE,GENERIC,,2,,3005,581,
DSG_CanCcp,Epm_stSync_CCP2_AE31a_AVERAGE,,,SINGLE,GENERIC,,2,,3005,582,
DSG_CanCcp,EpmCaS_phiCaSOfsAvg_0_CCP2_AE31a_AVERAGE,,,SINGLE,GENERIC,deg CrS,2,,3005,583,
DSG_CanCcp,EpmCaS_phiCaSOfsAvg_1_CCP2_AE31a_AVERAGE,,,SINGLE,GENERIC,deg CrS,2,,3005,584,
DSG_CanCcp,fkmsdk_w_CCP2_AE31a_AVERAGE,,,SINGLE,GENERIC,-,2,,3005,585,
DSG_CanCcp,fpuk_w_CCP2_AE31a_AVERAGE,,,SINGLE,GENERIC,-,2,,3005,586,
DSG_CanCcp,fra_w_CCP2_AE31a_AVERAGE,,,SINGLE,GENERIC,-,2,,3005,587,
DSG_CanCcp,miopt_w_CCP2_AE31a_AVERAGE,,,SINGLE,GENERIC,%,2,,3005,588,
DSG_CanCcp,msabnav_w_CCP2_AE31a_AVERAGE,,,SINGLE,GENERIC,kg/h,2,,3005,589,
DSG_CanCcp,msdk_w_CCP2_AE31a_AVERAGE,,,SINGLE,GENERIC,kg/h,2,,3005,590,
DSG_CanCcp,msdks_w_CCP2_AE31a_AVERAGE,,,SINGLE,GENERIC,kg/h,2,,3005,591,
DSG_CanCcp,ora_w_CCP2_AE31a_AVERAGE,,,SINGLE,GENERIC,%,2,,3005,592,
DSG_CanCcp,pabnav_w_CCP2_AE31a_AVERAGE,,,SINGLE,GENERIC,hPa,2,,3005,593,
DSG_CanCcp,pbrint_w_CCP2_AE31a_AVERAGE,,,SINGLE,GENERIC,hPa,2,,3005,594,
DSG_CanCcp,PthLead_trqInrLead_CCP2_AE31a_AVERAGE,,,SINGLE,GENERIC,Nm,2,,3005,595,
DSG_CanCcp,pu_w_CCP2_AE31a_AVERAGE,,,SINGLE,GENERIC,hPa,2,,3005,596,
DSG_CanCcp,RngMod_trqLos_CCP2_AE31a_AVERAGE,,,SINGLE,GENERIC,Nm,2,,3005,597,
DSG_CanCcp,taev_w_CCP2_AE31a_AVERAGE,,,SINGLE,GENERIC,Grad C,2,,3005,598,
DSG_CanCcp,taikr_w_CCP2_AE31a_AVERAGE,,,SINGLE,GENERIC,Grad C,2,,3005,599,
DSG_CanCcp,tasr_w_CCP2_AE31a_AVERAGE,,,SINGLE,GENERIC,Grad C,2,,3005,600,
DSG_CanCcp,tavdk_w_CCP2_AE31a_AVERAGE,,,SINGLE,GENERIC,Grad C,2,,3005,601,
DSG_CanCcp,tavv_w_CCP2_AE31a_AVERAGE,,,SINGLE,GENERIC,Grad C,2,,3005,602,
DSG_CanCcp,tfuelr_CCP2_AE31a_AVERAGE,,,SINGLE,GENERIC,Grad C,2,,3005,603,
DSG_CanCcp,toch_CCP2_AE31a_AVERAGE,,,SINGLE,GENERIC,Grad C,2,,3005,604,
DSG_CanCcp,TrbCh_OffsLrn_I.nrOffsLrnStep_CCP2_AE31a_AVERAGE,,,SINGLE,GENERIC,-,2,,3005,605,
DSG_CanCcp,TrbCh_uElStopClsdSens1B1_CCP2_AE31a_AVERAGE,,,SINGLE,GENERIC,V,2,,3005,606,
DSG_CanCcp,tumg_CCP2_AE31a_AVERAGE,,,SINGLE,GENERIC,Grad C,2,,3005,607,
DSG_CanCcp,dwkrz_0_CCP1_AE34_AVERAGE,,,SINGLE,GENERIC,Grad KW,2,,3005,609,
DSG_CanCcp,dwkrz_1_CCP1_AE34_AVERAGE,,,SINGLE,GENERIC,Grad KW,2,,3005,610,
DSG_CanCcp,dwkrz_2_CCP1_AE34_AVERAGE,,,SINGLE,GENERIC,Grad KW,2,,3005,611,
DSG_CanCcp,dwkrz_3_CCP1_AE34_AVERAGE,,,SINGLE,GENERIC,Grad KW,2,,3005,612,
DSG_CanCcp,dwkrz_4_CCP1_AE34_AVERAGE,,,SINGLE,GENERIC,Grad KW,2,,3005,613,
DSG_CanCcp,dwkrz_5_CCP1_AE34_AVERAGE,,,SINGLE,GENERIC,Grad KW,2,,3005,614,
DSG_CanCcp,nmot_w_CCP1_AE34_AVERAGE,,,SINGLE,GENERIC,1/min,2,,3005,615,
DSG_CanCcp,te_l_CCP1_AE34_AVERAGE,,,SINGLE,GENERIC,ms,2,,3005,616,
DSG_CanCcp,tez_l_0_CCP1_AE34_AVERAGE,,,SINGLE,GENERIC,ms,2,,3005,617,
DSG_CanCcp,tez_l_1_CCP1_AE34_AVERAGE,,,SINGLE,GENERIC,ms,2,,3005,618,
DSG_CanCcp,tez_l_2_CCP1_AE34_AVERAGE,,,SINGLE,GENERIC,ms,2,,3005,619,
DSG_CanCcp,tez_l_3_CCP1_AE34_AVERAGE,,,SINGLE,GENERIC,ms,2,,3005,620,
DSG_CanCcp,tez_l_4_CCP1_AE34_AVERAGE,,,SINGLE,GENERIC,ms,2,,3005,621,
DSG_CanCcp,tez_l_5_CCP1_AE34_AVERAGE,,,SINGLE,GENERIC,ms,2,,3005,622,
DSG_CanCcp,wee_CCP1_AE34_AVERAGE,,wnwa_w_CCP1_AE34_AVERAGE,SINGLE,GENERIC,Grad KW,2,,3005,623,
DSG_CanCcp,wnwa_w_CCP1_AE34_AVERAGE,,wnwe_w_CCP1_AE34_AVERAGE,SINGLE,GENERIC,Grad KW,2,,3005,624,
DSG_CanCcp,wnwe_w_CCP1_AE34_AVERAGE,,,SINGLE,GENERIC,Grad KW,2,,3005,625,
DSG_CanCcp,wnwsa_w_CCP1_AE34_AVERAGE,,,SINGLE,GENERIC,Grad KW,2,,3005,626,
DSG_CanCcp,wnwse_w_CCP1_AE34_AVERAGE,,,SINGLE,GENERIC,Grad KW,2,,3005,627,
DSG_CanCcp,zwbas_CCP1_AE34_AVERAGE,,,SINGLE,GENERIC,Grad KW,2,,3005,628,
DSG_CanCcp,zwgru_CCP1_AE34_AVERAGE,,,SINGLE,GENERIC,Grad KW,2,,3005,629,
DSG_CanCcp,zwist_CCP1_AE34_AVERAGE,,,SINGLE,GENERIC,Grad KW,2,,3005,630,
DSG_CanCcp,zwout_CCP1_AE34_AVERAGE,,,SINGLE,GENERIC,Grad KW,2,,3005,631,
DSG_CanCcp,DFES_numDFC_6_CCP1_AE34_AVERAGE,,,SINGLE,GENERIC,,2,,3005,632,
DSG_CanCcp,DFES_numDFC_7_CCP1_AE34_AVERAGE,,,SINGLE,GENERIC,,2,,3005,633,
DSG_CanCcp,DFES_numDFC_8_CCP1_AE34_AVERAGE,,,SINGLE,GENERIC,,2,,3005,634,
DSG_CanCcp,DFES_numDFC_9_CCP1_AE34_AVERAGE,,,SINGLE,GENERIC,,2,,3005,635,
DSG_CanCcp,DFES_numDFC_10_CCP1_AE34_AVERAGE,,,SINGLE,GENERIC,,2,,3005,636,
DSG_CanCcp,DFES_ctEntry_CCP1_AE34_AVERAGE,,,SINGLE,GENERIC,,2,,3005,637,
DSG_CanCcp,APP_r_CCP1_AE34_AVERAGE,,,SINGLE,GENERIC,%,2,,3005,638,
DSG_CanCcp,DFES_numDFC_0_CCP1_AE34_AVERAGE,,,SINGLE,GENERIC,-,2,,3005,639,
DSG_CanCcp,DFES_numDFC_1_CCP1_AE34_AVERAGE,,frm_w_CCP1_AE34_Average,SINGLE,GENERIC,-,2,,3005,640,
DSG_CanCcp,DFES_numDFC_2_CCP1_AE34_AVERAGE,,,SINGLE,GENERIC,-,2,,3005,641,
DSG_CanCcp,DFES_numDFC_3_CCP1_AE34_AVERAGE,,,SINGLE,GENERIC,-,2,,3005,642,
DSG_CanCcp,DFES_numDFC_4_CCP1_AE34_AVERAGE,,,SINGLE,GENERIC,-,2,,3005,643,
DSG_CanCcp,DFES_numDFC_5_CCP1_AE34_AVERAGE,,,SINGLE,GENERIC,-,2,,3005,644,
DSG_CanCcp,fr_w_CCP1_AE34_AVERAGE,,lamsoni_w_CCP1_AE34_AVERAGE,SINGLE,GENERIC,-,2,,3005,645,
DSG_CanCcp,frm_w_CCP1_AE34_AVERAGE,,,SINGLE,GENERIC,-,2,,3005,646,
DSG_CanCcp,hatlstr_w_CCP1_AE34_AVERAGE,,,SINGLE,GENERIC,-,2,,3005,647,
DSG_CanCcp,hatlstsr_w_CCP1_AE34_AVERAGE,,mshfm_w_CCP1_AE34_AVERAGE,SINGLE,GENERIC,-,2,,3005,648,
DSG_CanCcp,lambas_w_CCP1_AE34_AVERAGE,,,SINGLE,GENERIC,-,2,,3005,649,
DSG_CanCcp,lamsbg_w_CCP1_AE34_AVERAGE,,,SINGLE,GENERIC,-,2,,3005,650,
DSG_CanCcp,lamsoni_w_CCP1_AE34_AVERAGE,,OilP_p_CCP1_AE34_AVERAGE,SINGLE,GENERIC,-,2,,3005,651,
DSG_CanCcp,lamsons_w_CCP1_AE34_AVERAGE,,pistnd_CCP1_AE34_AVERAGE,SINGLE,GENERIC,-,2,,3005,652,
DSG_CanCcp,lbtsaw_w_CCP1_AE34_AVERAGE,,,SINGLE,GENERIC,-,2,,3005,653,
DSG_CanCcp,mshfm_w_CCP1_AE34_AVERAGE,,psr_w_CCP1_AE34_AVERAGE,SINGLE,GENERIC,kg/h,2,,3005,654,
DSG_CanCcp,Oil_bPSwtVlvCtl_CCP1_AE34_AVERAGE,,,SINGLE,GENERIC,,2,,3005,655,
DSG_CanCcp,Oil_tSwmp_CCP1_AE34_AVERAGE,,,SINGLE,GENERIC,deg C,2,,3005,656,
DSG_CanCcp,OilP_p_CCP1_AE34_AVERAGE,,,SINGLE,GENERIC,hPa,2,,3005,657,
DSG_CanCcp,pistnd_w_CCP1_AE34_AVERAGE,,,SINGLE,GENERIC,kPa,2,,3005,658,
DSG_CanCcp,psollnd_w_CCP1_AE34_AVERAGE,,,SINGLE,GENERIC,kPa,2,,3005,659,
DSG_CanCcp,psr_w_CCP1_AE34_AVERAGE,,,SINGLE,GENERIC,hPa,2,,3005,660,
DSG_CanCcp,psrs_w_CCP1_AE34_AVERAGE,,,SINGLE,GENERIC,hPa,2,,3005,661,
DSG_CanCcp,pvd_w_CCP1_AE34_AVERAGE,,wdkba_w_CCP1_AE34_AVERAGE,SINGLE,GENERIC,hPa,2,,3005,662,
DSG_CanCcp,pvds_w_CCP1_AE34_AVERAGE,,,SINGLE,GENERIC,hPa,2,,3005,663,
DSG_CanCcp,rk_w_CCP1_AE34_AVERAGE,,,SINGLE,GENERIC,%,2,,3005,664,
DSG_CanCcp,rl_w_CCP1_AE34_AVERAGE,,,SINGLE,GENERIC,%,2,,3005,665,
DSG_CanCcp,rlsol_w_CCP1_AE34_AVERAGE,,,SINGLE,GENERIC,%,2,,3005,666,
DSG_CanCcp,ub_CCP1_AE34_AVERAGE,,,SINGLE,GENERIC,V,2,,3005,667,
DSG_CanCcp,wdkba_w_CCP1_AE34_AVERAGE,,,SINGLE,GENERIC,%DK,2,,3005,668,
DSG_CanCcp,wdkls_w_CCP1_AE34_AVERAGE,,,SINGLE,GENERIC,%,2,,3005,669,
DSG_CanCcp,wped_w_CCP1_AE34_AVERAGE,,,SINGLE,GENERIC,% PED,2,,3005,670,
DSG_CanCcp,ActMod_trqClth_CCP1_AE34_AVERAGE,,,SINGLE,GENERIC,Nm,2,,3005,671,
DSG_CanCcp,ActMod_trqInr_CCP1_AE34_AVERAGE,,,SINGLE,GENERIC,Nm,2,,3005,672,
DSG_CanCcp,B_ldr_CCP1_AE34_AVERAGE,,,SINGLE,GENERIC,,2,,3005,673,
DSG_CanCcp,B_lduv_CCP1_AE34_AVERAGE,,,SINGLE,GENERIC,,2,,3005,674,
DSG_CanCcp,B_lr_CCP1_AE34_AVERAGE,,,SINGLE,GENERIC,,2,,3005,675,
DSG_CanCcp,B_master_CCP1_AE34_AVERAGE,,,SINGLE,GENERIC,,2,,3005,676,
DSG_CanCcp,B_phada_CCP1_AE34_AVERAGE,,,SINGLE,GENERIC,,2,,3005,677,
DSG_CanCcp,B_phade_CCP1_AE34_AVERAGE,,,SINGLE,GENERIC,,2,,3005,678,
DSG_CanCcp,dzwwl_CCP1_AE34_AVERAGE,,,SINGLE,GENERIC,Grad KW,2,,3005,679,
DSG_CanCcp,EpmCaS_phiCaSOfsAvg_0_CCP1_AE34_AVERAGE,,,SINGLE,GENERIC,deg CrS,2,,3005,680,
DSG_CanCcp,EpmCaS_phiCaSOfsAvg_1_CCP1_AE34_AVERAGE,,,SINGLE,GENERIC,deg CrS,2,,3005,681,
DSG_CanCcp,Epm_stSync_CCP1_AE34_AVERAGE,,,SINGLE,GENERIC,,2,,3005,682,
DSG_CanCcp,fkmsdk_w_CCP1_AE34_AVERAGE,,,SINGLE,GENERIC,-,2,,3005,683,
DSG_CanCcp,fpuk_w_CCP1_AE34_AVERAGE,,,SINGLE,GENERIC,-,2,,3005,684,
DSG_CanCcp,fra_w_CCP1_AE34_AVERAGE,,,SINGLE,GENERIC,-,2,,3005,685,
DSG_CanCcp,miopt_w_CCP1_AE34_AVERAGE,,,SINGLE,GENERIC,%,2,,3005,686,
DSG_CanCcp,msabnav_w_CCP1_AE34_AVERAGE,,,SINGLE,GENERIC,kg/h,2,,3005,687,
DSG_CanCcp,msdk_w_CCP1_AE34_AVERAGE,,,SINGLE,GENERIC,kg/h,2,,3005,688,
DSG_CanCcp,msdks_w_CCP1_AE34_AVERAGE,,,SINGLE,GENERIC,kg/h,2,,3005,689,
DSG_CanCcp,ora_w_CCP1_AE34_AVERAGE,,,SINGLE,GENERIC,%,2,,3005,690,
DSG_CanCcp,pabnav_w_CCP1_AE34_AVERAGE,,,SINGLE,GENERIC,hPa,2,,3005,691,
DSG_CanCcp,pbrint_w_CCP1_AE34_AVERAGE,,,SINGLE,GENERIC,hPa,2,,3005,692,
DSG_CanCcp,PthLead_trqInrLead_CCP1_AE34_AVERAGE,,,SINGLE,GENERIC,Nm,2,,3005,693,
DSG_CanCcp,pu_w_CCP1_AE34_AVERAGE,,,SINGLE,GENERIC,hPa,2,,3005,694,
DSG_CanCcp,RngMod_trqLos_CCP1_AE34_AVERAGE,,,SINGLE,GENERIC,Nm,2,,3005,695,
DSG_CanCcp,taev_w_CCP1_AE34_AVERAGE,,,SINGLE,GENERIC,Grad C,2,,3005,696,
DSG_CanCcp,taikr_w_CCP1_AE34_AVERAGE,,,SINGLE,GENERIC,Grad C,2,,3005,697,
DSG_CanCcp,tasr_w_CCP1_AE34_AVERAGE,,,SINGLE,GENERIC,Grad C,2,,3005,698,
DSG_CanCcp,tavdk_w_CCP1_AE34_AVERAGE,,,SINGLE,GENERIC,Grad C,2,,3005,699,
DSG_CanCcp,tavv_w_CCP1_AE34_AVERAGE,,,SINGLE,GENERIC,Grad C,2,,3005,700,
DSG_CanCcp,tfuelr_CCP1_AE34_AVERAGE,,,SINGLE,GENERIC,Grad C,2,,3005,701,
DSG_CanCcp,tmot_CCP1_AE34_AVERAGE,,,SINGLE,GENERIC,Grad C,2,,3005,702,
DSG_CanCcp,toch_CCP1_AE34_AVERAGE,,,SINGLE,GENERIC,Grad C,2,,3005,703,
DSG_CanCcp,TrbCh_OffsLrn_I.nrOffsLrnStep_CCP1_AE34_AVERAGE,,,SINGLE,GENERIC,-,2,,3005,704,
DSG_CanCcp,TrbCh_uElStopClsdSens1B1_CCP1_AE34_AVERAGE,,,SINGLE,GENERIC,V,2,,3005,705,
DSG_CanCcp,tumg_CCP1_AE34_AVERAGE,,,SINGLE,GENERIC,Grad C,2,,3005,706,
DSG_CanCcp,dwkrz_0_CCP2_AE34_AVERAGE,,,SINGLE,GENERIC,Grad KW,2,,3005,708,
DSG_CanCcp,dwkrz_1_CCP2_AE34_AVERAGE,,,SINGLE,GENERIC,Grad KW,2,,3005,709,
DSG_CanCcp,dwkrz_2_CCP2_AE34_AVERAGE,,,SINGLE,GENERIC,Grad KW,2,,3005,710,
DSG_CanCcp,dwkrz_3_CCP2_AE34_AVERAGE,,,SINGLE,GENERIC,Grad KW,2,,3005,711,
DSG_CanCcp,dwkrz_4_CCP2_AE34_AVERAGE,,,SINGLE,GENERIC,Grad KW,2,,3005,712,
DSG_CanCcp,dwkrz_5_CCP2_AE34_AVERAGE,,,SINGLE,GENERIC,Grad KW,2,,3005,713,
DSG_CanCcp,dzwwl_CCP2_AE34_AVERAGE,,,SINGLE,GENERIC,Grad KW,2,,3005,714,
DSG_CanCcp,nmot_w_CCP2_AE34_AVERAGE,,,SINGLE,GENERIC,1/min,2,,3005,715,
DSG_CanCcp,tez_l_0_CCP2_AE34_AVERAGE,,,SINGLE,GENERIC,ms,2,,3005,716,
DSG_CanCcp,tez_l_1_CCP2_AE34_AVERAGE,,wnwa_w_CCP2_AE34_AVERAGE,SINGLE,GENERIC,ms,2,,3005,717,
DSG_CanCcp,tez_l_2_CCP2_AE34_AVERAGE,,wnwe_w_CCP2_AE34_AVERAGE,SINGLE,GENERIC,ms,2,,3005,718,
DSG_CanCcp,tez_l_3_CCP2_AE34_AVERAGE,,,SINGLE,GENERIC,ms,2,,3005,719,
DSG_CanCcp,tez_l_4_CCP2_AE34_AVERAGE,,,SINGLE,GENERIC,ms,2,,3005,720,
DSG_CanCcp,tez_l_5_CCP2_AE34_AVERAGE,,,SINGLE,GENERIC,ms,2,,3005,721,
DSG_CanCcp,wee_CCP2_AE34_AVERAGE,,,SINGLE,GENERIC,Grad KW,2,,3005,722,
DSG_CanCcp,wnwa_w_CCP2_AE34_AVERAGE,,,SINGLE,GENERIC,Grad KW,2,,3005,723,
DSG_CanCcp,wnwe_w_CCP2_AE34_AVERAGE,,,SINGLE,GENERIC,Grad KW,2,,3005,724,
DSG_CanCcp,wnwsa_w_CCP2_AE34_AVERAGE,,,SINGLE,GENERIC,Grad KW,2,,3005,725,
DSG_CanCcp,wnwse_w_CCP2_AE34_AVERAGE,,,SINGLE,GENERIC,Grad KW,2,,3005,726,
DSG_CanCcp,zwbas_CCP2_AE34_AVERAGE,,,SINGLE,GENERIC,Grad KW,2,,3005,727,
DSG_CanCcp,zwgru_CCP2_AE34_AVERAGE,,,SINGLE,GENERIC,Grad KW,2,,3005,728,
DSG_CanCcp,zwist_CCP2_AE34_AVERAGE,,,SINGLE,GENERIC,Grad KW,2,,3005,729,
DSG_CanCcp,zwout_CCP2_AE34_AVERAGE,,,SINGLE,GENERIC,Grad KW,2,,3005,730,
DSG_CanCcp,DFES_numDFC_6_CCP2_AE34_AVERAGE,,,SINGLE,GENERIC,,2,,3005,731,
DSG_CanCcp,DFES_numDFC_7_CCP2_AE34_AVERAGE,,frm_w_CCP2_AE34_Average,SINGLE,GENERIC,,2,,3005,732,
DSG_CanCcp,DFES_numDFC_8_CCP2_AE34_AVERAGE,,,SINGLE,GENERIC,,2,,3005,733,
DSG_CanCcp,DFES_numDFC_9_CCP2_AE34_AVERAGE,,,SINGLE,GENERIC,,2,,3005,734,
DSG_CanCcp,DFES_numDFC_10_CCP2_AE34_AVERAGE,,,SINGLE,GENERIC,,2,,3005,735,
DSG_CanCcp,DFES_ctEntry_CCP2_AE34_AVERAGE,,,SINGLE,GENERIC,-,2,,3005,736,
DSG_CanCcp,DFES_numDFC_0_CCP2_AE34_AVERAGE,,lamsoni_w_CCP2_AE34_AVERAGE,SINGLE,GENERIC,-,2,,3005,737,
DSG_CanCcp,DFES_numDFC_1_CCP2_AE34_AVERAGE,,,SINGLE,GENERIC,-,2,,3005,738,
DSG_CanCcp,DFES_numDFC_2_CCP2_AE34_AVERAGE,,,SINGLE,GENERIC,-,2,,3005,739,
DSG_CanCcp,DFES_numDFC_3_CCP2_AE34_AVERAGE,,mshfm_w_CCP2_AE34_AVERAGE,SINGLE,GENERIC,-,2,,3005,740,
DSG_CanCcp,DFES_numDFC_4_CCP2_AE34_AVERAGE,,,SINGLE,GENERIC,-,2,,3005,741,
DSG_CanCcp,DFES_numDFC_5_CCP2_AE34_AVERAGE,,,SINGLE,GENERIC,-,2,,3005,742,
DSG_CanCcp,fr_w_CCP2_AE34_AVERAGE,,OilP_p_CCP2_AE34_AVERAGE,SINGLE,GENERIC,-,2,,3005,743,
DSG_CanCcp,frm_w_CCP2_AE34_AVERAGE,,pistnd_CCP2_AE34_AVERAGE,SINGLE,GENERIC,-,2,,3005,744,
DSG_CanCcp,hatlstr_w_CCP2_AE34_AVERAGE,,,SINGLE,GENERIC,-,2,,3005,745,
DSG_CanCcp,hatlstsr_w_CCP2_AE34_AVERAGE,,psr_w_CCP2_AE34_AVERAGE,SINGLE,GENERIC,-,2,,3005,746,
DSG_CanCcp,lambas_w_CCP2_AE34_AVERAGE,,,SINGLE,GENERIC,-,2,,3005,747,
DSG_CanCcp,lamsbg_w_CCP2_AE34_AVERAGE,,,SINGLE,GENERIC,-,2,,3005,748,
DSG_CanCcp,lamsoni_w_CCP2_AE34_AVERAGE,,,SINGLE,GENERIC,-,2,,3005,749,
DSG_CanCcp,lamsons_w_CCP2_AE34_AVERAGE,,,SINGLE,GENERIC,-,2,,3005,750,
DSG_CanCcp,lbtsaw_w_CCP2_AE34_AVERAGE,,,SINGLE,GENERIC,-,2,,3005,751,
DSG_CanCcp,mshfm_w_CCP2_AE34_AVERAGE,,,SINGLE,GENERIC,kg/h,2,,3005,752,
DSG_CanCcp,Oil_bPSwtVlvCtl_CCP2_AE34_AVERAGE,,,SINGLE,GENERIC,,2,,3005,753,
DSG_CanCcp,Oil_tSwmp_CCP2_AE34_AVERAGE,,wdkba_w_CCP2_AE34_AVERAGE,SINGLE,GENERIC,deg C,2,,3005,754,
DSG_CanCcp,OilP_p_CCP2_AE34_AVERAGE,,,SINGLE,GENERIC,hPa,2,,3005,755,
DSG_CanCcp,pistnd_w_CCP2_AE34_AVERAGE,,,SINGLE,GENERIC,kPa,2,,3005,756,
DSG_CanCcp,psollnd_w_CCP2_AE34_AVERAGE,,,SINGLE,GENERIC,kPa,2,,3005,757,
DSG_CanCcp,psr_w_CCP2_AE34_AVERAGE,,,SINGLE,GENERIC,hPa,2,,3005,758,
DSG_CanCcp,psrs_w_CCP2_AE34_AVERAGE,,,SINGLE,GENERIC,hPa,2,,3005,759,
DSG_CanCcp,pvd_w_CCP2_AE34_AVERAGE,,,SINGLE,GENERIC,hPa,2,,3005,760,
DSG_CanCcp,pvds_w_CCP2_AE34_AVERAGE,,,SINGLE,GENERIC,hPa,2,,3005,761,
DSG_CanCcp,rk_w_CCP2_AE34_AVERAGE,,,SINGLE,GENERIC,%,2,,3005,762,
DSG_CanCcp,rl_w_CCP2_AE34_AVERAGE,,,SINGLE,GENERIC,%,2,,3005,763,
DSG_CanCcp,rlsol_w_CCP2_AE34_AVERAGE,,,SINGLE,GENERIC,%,2,,3005,764,
DSG_CanCcp,ub_CCP2_AE34_AVERAGE,,,SINGLE,GENERIC,V,2,,3005,765,
DSG_CanCcp,wdkba_w_CCP2_AE34_AVERAGE,,,SINGLE,GENERIC,%DK,2,,3005,766,
DSG_CanCcp,wdkls_w_CCP2_AE34_AVERAGE,,,SINGLE,GENERIC,%,2,,3005,767,
DSG_CanCcp,wped_w_CCP2_AE34_AVERAGE,,,SINGLE,GENERIC,% PED,2,,3005,768,
DSG_CanCcp,ActMod_trqClth_CCP2_AE34_AVERAGE,,,SINGLE,GENERIC,Nm,2,,3005,769,
DSG_CanCcp,ActMod_trqInr_CCP2_AE34_AVERAGE,,,SINGLE,GENERIC,Nm,2,,3005,770,
DSG_CanCcp,B_ldr_CCP2_AE34_AVERAGE,,,SINGLE,GENERIC,,2,,3005,771,
DSG_CanCcp,B_lduv_CCP2_AE34_AVERAGE,,,SINGLE,GENERIC,,2,,3005,772,
DSG_CanCcp,B_lr_CCP2_AE34_AVERAGE,,,SINGLE,GENERIC,,2,,3005,773,
DSG_CanCcp,B_phada_CCP2_AE34_AVERAGE,,,SINGLE,GENERIC,,2,,3005,774,
DSG_CanCcp,B_phade_CCP2_AE34_AVERAGE,,,SINGLE,GENERIC,,2,,3005,775,
DSG_CanCcp,EpmCaS_phiCaSOfsAvg_0_CCP2_AE34_AVERAGE,,,SINGLE,GENERIC,deg CrS,2,,3005,776,
DSG_CanCcp,EpmCaS_phiCaSOfsAvg_1_CCP2_AE34_AVERAGE,,,SINGLE,GENERIC,deg CrS,2,,3005,777,
DSG_CanCcp,Epm_stSync_CCP2_AE34_AVERAGE,,,SINGLE,GENERIC,,2,,3005,778,
DSG_CanCcp,fkmsdk_w_CCP2_AE34_AVERAGE,,,SINGLE,GENERIC,-,2,,3005,779,
DSG_CanCcp,fpuk_w_CCP2_AE34_AVERAGE,,,SINGLE,GENERIC,-,2,,3005,780,
DSG_CanCcp,fra_w_CCP2_AE34_AVERAGE,,,SINGLE,GENERIC,-,2,,3005,781,
DSG_CanCcp,miopt_w_CCP2_AE34_AVERAGE,,,SINGLE,GENERIC,%,2,,3005,782,
DSG_CanCcp,msdk_w_CCP2_AE34_AVERAGE,,,SINGLE,GENERIC,kg/h,2,,3005,783,
DSG_CanCcp,msdks_w_CCP2_AE34_AVERAGE,,,SINGLE,GENERIC,kg/h,2,,3005,784,
DSG_CanCcp,ora_w_CCP2_AE34_AVERAGE,,,SINGLE,GENERIC,%,2,,3005,785,
DSG_CanCcp,pabnav_w_CCP2_AE34_AVERAGE,,,SINGLE,GENERIC,hPa,2,,3005,786,
DSG_CanCcp,pbrint_w_CCP2_AE34_AVERAGE,,,SINGLE,GENERIC,hPa,2,,3005,787,
DSG_CanCcp,PthLead_trqInrLead_CCP2_AE34_AVERAGE,,,SINGLE,GENERIC,Nm,2,,3005,788,
DSG_CanCcp,pu_w_CCP2_AE34_AVERAGE,,,SINGLE,GENERIC,hPa,2,,3005,789,
DSG_CanCcp,RngMod_trqLos_CCP2_AE34_AVERAGE,,,SINGLE,GENERIC,Nm,2,,3005,790,
DSG_CanCcp,taev_w_CCP2_AE34_AVERAGE,,,SINGLE,GENERIC,Grad C,2,,3005,791,
DSG_CanCcp,taikr_w_CCP2_AE34_AVERAGE,,,SINGLE,GENERIC,Grad C,2,,3005,792,
DSG_CanCcp,tasr_w_CCP2_AE34_AVERAGE,,,SINGLE,GENERIC,Grad C,2,,3005,793,
DSG_CanCcp,tavdk_w_CCP2_AE34_AVERAGE,,,SINGLE,GENERIC,Grad C,2,,3005,794,
DSG_CanCcp,tavv_w_CCP2_AE34_AVERAGE,,,SINGLE,GENERIC,Grad C,2,,3005,795,
DSG_CanCcp,tfuelr_CCP2_AE34_AVERAGE,,,SINGLE,GENERIC,Grad C,2,,3005,796,
DSG_CanCcp,toch_CCP2_AE34_AVERAGE,,,SINGLE,GENERIC,Grad C,2,,3005,797,
DSG_CanCcp,TrbCh_OffsLrn_I.nrOffsLrnStep_CCP2_AE34_AVERAGE,,,SINGLE,GENERIC,-,2,,3005,798,
DSG_CanCcp,TrbCh_uElStopClsdSens1B1_CCP2_AE34_AVERAGE,,,SINGLE,GENERIC,V,2,,3005,799,
DSG_CanCcp,tumg_CCP2_AE34_AVERAGE,,,SINGLE,GENERIC,Grad C,2,,3005,800,
DSG_CanCcp,ECU_Connection_CCP1_AE31a,,,U8,DIGITAL,,0,,3005,1,
DSG_CanCcp,ECU_Connection_CCP2_AE31a,,,U8,DIGITAL,,0,,3005,109,
DSG_CanCcp,ECU_Connection_CCP1_AE34,,,U8,DIGITAL,,0,,3005,213,
DSG_CanCcp,ECU_Connection_CCP2_AE34,,,U8,DIGITAL,,0,,3005,307,
DSG_CanCcp,ECU_Connection_CCP1_AE31a_AVERAGE,,,U8,DIGITAL,,2,,3005,395,
DSG_CanCcp,ECU_Connection_CCP2_AE31a_AVERAGE,,,U8,DIGITAL,,2,,3005,503,
DSG_CanCcp,ECU_Connection_CCP1_AE34_AVERAGE,,,U8,DIGITAL,,2,,3005,608,
DSG_CanCcp,ECU_Connection_CCP2_AE34_AVERAGE,,,U8,DIGITAL,,2,,3005,707,
